,university_name,world_rank,country,teaching,international,research,citations,income,num_students,student_staff_ratio,international%,female%,male%
0,California Institute of Technology,1,United States of America,95.6,64.0,97.6,99.8,97.8,2243.0,6.9,27.0,33.0,67.0
1,University of Oxford,2,United Kingdom,86.5,94.4,98.9,98.8,73.1,19919.0,11.6,34.0,46.0,54.0
2,Stanford University,3,United States of America,92.5,76.3,96.2,99.9,63.3,15596.0,7.8,22.0,42.0,58.0
3,University of Cambridge,4,United Kingdom,88.2,91.5,96.7,97.0,55.0,18812.0,11.8,34.0,46.0,54.0
4,Massachusetts Institute of Technology,5,United States of America,89.4,84.0,88.6,99.7,95.4,11074.0,9.0,33.0,37.0,63.0
5,Harvard University,6,United States of America,83.6,77.2,99.0,99.8,45.2,20152.0,8.9,25.0,49.53804347826087,50.46195652173913
6,Princeton University,7,United States of America,85.1,78.5,91.9,99.3,52.1,7929.0,8.4,27.0,45.0,55.0
7,Imperial College London,8,United Kingdom,83.3,96.0,88.5,96.7,53.7,15060.0,11.7,51.0,37.0,63.0
8,ETH Zurich – Swiss Federal Institute of Technology Zurich,9,Switzerland,77.0,97.9,95.0,91.1,80.0,18178.0,14.7,37.0,31.0,69.0
9,University of Chicago,10,United States of America,85.7,65.0,88.9,99.2,36.6,14221.0,6.9,21.0,42.0,58.0
10,Johns Hopkins University,11,United States of America,77.6,70.0,90.4,98.2,100.0,15128.0,3.6,23.0,50.0,50.0
11,Yale University,12,United States of America,86.5,64.3,87.8,97.2,43.3,11751.0,4.4,20.0,50.0,50.0
12,"University of California, Berkeley",13,United States of America,80.4,61.9,91.1,99.7,47.9,36186.0,16.4,15.0,50.0,50.0
13,University College London,14,United Kingdom,78.1,94.4,91.0,94.2,40.5,26607.0,10.7,46.0,56.0,44.0
14,Columbia University,15,United States of America,85.9,73.5,82.2,98.1,46.86959370904325,25055.0,5.9,28.0,49.53804347826087,50.46195652173913
15,"University of California, Los Angeles",16,United States of America,80.8,56.4,88.6,98.5,47.9,38206.0,10.3,15.0,52.0,48.0
16,University of Pennsylvania,17,United States of America,82.0,49.5,86.9,98.6,47.9,20376.0,6.5,20.0,51.0,49.0
17,Cornell University,18,United States of America,77.9,63.9,86.1,97.2,33.7,21424.0,10.2,19.0,48.0,52.0
18,University of Toronto,19,Canada,75.9,77.8,89.3,90.9,49.1,66198.0,19.5,15.0,49.53804347826087,50.46195652173913
19,Duke University,20,United States of America,76.0,56.5,78.0,99.0,100.0,15172.0,4.8,17.0,49.0,51.0
20,University of Michigan,21,United States of America,76.8,53.7,85.2,94.4,56.3,41786.0,9.0,16.0,48.0,52.0
21,Carnegie Mellon University,22,United States of America,67.4,57.1,88.8,99.1,57.5,11885.0,13.1,35.0,39.0,61.0
22,London School of Economics and Political Science,23,United Kingdom,69.8,93.6,80.6,94.3,32.2,24161.264817150062,19.11639344262295,12.70253164556962,49.53804347826087,50.46195652173913
23,University of Edinburgh,24,United Kingdom,68.6,89.8,77.2,96.3,36.1,25774.0,14.1,36.0,58.0,42.0
24,Northwestern University,25,United States of America,69.8,53.9,78.4,96.5,81.2,18334.0,13.8,15.0,48.0,52.0
25,National University of Singapore,26,Singapore,71.7,96.2,84.5,79.4,49.8,31592.0,15.5,34.0,49.0,51.0
26,King’s College London,27,United Kingdom,64.5,93.8,75.8,93.8,40.1,21394.0,11.4,37.0,61.0,39.0
27,Karolinska Institute,28,Sweden,60.6,73.1,81.1,92.2,75.8,7774.0,11.5,22.0,70.0,30.0
28,LMU Munich,29,Germany,70.5,62.8,77.4,85.7,100.0,35691.0,15.5,13.0,62.0,38.0
29,New York University,30,United States of America,74.7,49.3,72.3,95.3,30.4,42056.0,6.8,19.0,55.0,45.0
30,École Polytechnique Fédérale de Lausanne,31,Switzerland,61.3,98.6,67.5,94.6,65.4,9666.0,10.5,54.0,27.0,73.0
31,University of Washington,32,United States of America,67.1,51.2,70.0,98.6,43.1,44020.0,11.8,13.0,53.0,47.0
32,University of Melbourne,33,Australia,62.0,87.1,75.5,86.6,64.6,40128.0,23.7,35.0,55.0,45.0
33,University of British Columbia,34,Canada,60.2,90.5,73.2,91.5,42.6,50152.0,17.6,25.0,54.0,46.0
34,KU Leuven,35,Belgium,59.9,68.6,76.9,87.3,100.0,42503.0,41.9,18.0,54.0,46.0
35,University of Illinois at Urbana-Champaign,36,United States of America,64.5,45.8,81.2,86.8,52.8,42727.0,18.7,20.0,47.0,53.0
36,Heidelberg University,37,Germany,68.8,62.8,69.6,88.2,68.2,28881.0,24.5,17.0,55.0,45.0
37,McGill University,38,Canada,66.1,85.5,72.1,78.9,40.3,31326.0,13.7,23.0,56.0,44.0
38,"University of California, San Diego",39,United States of America,56.9,42.9,69.8,98.7,56.7,27233.0,6.5,11.0,48.0,52.0
39,"University of California, Santa Barbara",39,United States of America,52.6,61.5,66.0,99.2,90.4,22020.0,27.3,11.0,52.0,48.0
40,Georgia Institute of Technology,41,United States of America,57.8,71.5,72.7,86.0,73.7,19967.0,20.1,26.0,31.0,69.0
41,Peking University,42,China,77.8,49.2,72.4,69.1,100.0,40148.0,8.3,14.0,49.53804347826087,50.46195652173913
42,University of Tokyo,43,Japan,81.4,30.3,83.0,60.9,50.8,26199.0,5.7,10.0,49.53804347826087,50.46195652173913
43,"University of California, Davis",44,United States of America,60.1,58.4,72.7,84.3,57.3,35364.0,13.9,13.0,54.0,46.0
44,University of Hong Kong,44,Hong Kong,64.6,99.5,72.8,70.1,53.7,19835.0,17.6,38.0,53.0,47.0
45,University of Texas at Austin,46,United States of America,59.3,31.7,69.7,92.2,63.1,49427.0,17.4,9.0,51.0,49.0
46,Tsinghua University,47,China,73.3,39.5,83.0,58.8,100.0,39763.0,13.7,10.0,32.0,68.0
47,Wageningen University and Research Center,47,Netherlands,52.6,70.3,66.9,87.8,100.0,9248.0,17.0,21.0,56.0,44.0
48,Humboldt University of Berlin,49,Germany,63.7,62.6,77.0,73.6,36.1,29987.0,52.5,16.0,49.53804347826087,50.46195652173913
49,University of Wisconsin-Madison,50,United States of America,65.1,33.0,68.2,86.6,48.5,39655.0,10.8,11.0,51.0,49.0
50,Brown University,51,United States of America,62.8,57.8,55.7,96.4,31.4,8653.0,10.1,19.0,49.53804347826087,50.46195652173913
51,Australian National University,52,Australia,54.7,93.3,77.3,72.3,48.0,14604.0,19.2,35.0,52.0,48.0
52,Technical University of Munich,53,Germany,61.0,63.8,66.0,80.1,99.2,35565.0,31.5,20.0,33.0,67.0
53,École Normale Supérieure,54,France,70.6,85.5,47.7,87.1,37.1,2400.0,7.9,20.0,46.0,54.0
54,Nanyang Technological University,55,Singapore,48.4,94.6,61.3,85.6,99.9,25028.0,16.2,33.0,48.0,52.0
55,University of Manchester,56,United Kingdom,58.4,87.0,66.0,77.3,42.0,34938.0,15.3,34.0,52.0,48.0
56,University of Sydney,56,Australia,54.3,84.4,68.1,77.5,72.4,41868.0,20.2,28.0,57.0,43.0
57,University of Amsterdam,58,Netherlands,52.2,66.5,64.7,87.4,62.8,24570.0,14.4,11.0,53.0,47.0
58,Hong Kong University of Science and Technology,59,Hong Kong,49.4,80.5,66.1,82.6,68.1,11385.0,23.8,36.0,49.53804347826087,50.46195652173913
59,The University of Queensland,60,Australia,49.2,89.3,62.8,82.4,76.7,34718.0,32.7,27.0,53.0,47.0
60,Washington University in St Louis,60,United States of America,54.3,44.9,55.6,99.2,33.5,12528.0,5.7,17.0,49.53804347826087,50.46195652173913
61,Utrecht University,62,Netherlands,48.1,55.8,64.3,88.1,89.1,30779.0,15.4,7.0,59.0,41.0
62,University of North Carolina at Chapel Hill,63,United States of America,58.0,39.0,54.5,95.9,39.4,26518.0,7.3,8.0,58.0,42.0
63,Boston University,64,United States of America,57.8,51.0,49.5,97.7,30.3,24789.0,8.6,17.0,58.0,42.0
64,Delft University of Technology,65,Netherlands,55.0,84.0,73.8,61.5,100.0,15920.0,19.4,25.0,26.0,74.0
65,University of Minnesota,65,United States of America,53.5,35.3,61.0,88.0,98.5,46825.0,18.0,13.0,52.0,48.0
66,Leiden University,67,Netherlands,50.5,64.3,63.1,85.2,49.8,21222.0,17.1,10.0,59.0,41.0
67,University of Southern California,68,United States of America,49.3,56.3,58.9,93.0,38.0,36534.0,12.9,20.0,52.0,48.0
68,University of Bristol,69,United Kingdom,47.6,82.4,51.6,91.2,40.0,17906.0,14.0,25.0,53.0,47.0
69,Durham University,70,United Kingdom,47.9,86.4,51.9,87.7,34.4,15489.0,15.7,24.0,54.0,46.0
70,Erasmus University Rotterdam,71,Netherlands,37.2,76.1,55.2,95.6,54.6,20580.0,18.9,18.0,48.0,52.0
71,Free University of Berlin,72,Germany,57.9,69.2,72.2,60.2,35.1,33062.0,39.3,20.0,58.0,42.0
72,Monash University,73,Australia,48.1,87.6,58.5,73.3,79.7,50882.0,40.5,36.0,56.0,44.0
73,University of Groningen,74,Netherlands,43.3,63.9,56.9,84.0,92.4,24556.0,25.6,12.0,52.0,48.0
74,Pennsylvania State University,75,United States of America,50.4,40.8,61.9,80.5,56.2,44501.0,12.4,12.0,46.0,54.0
75,University of Glasgow,76,United Kingdom,41.6,85.8,48.3,92.3,31.6,22616.0,16.0,29.0,57.0,43.0
76,University of Helsinki,76,Finland,48.4,51.8,60.4,82.1,31.6,23505.0,15.1,6.0,66.0,34.0
77,University of Tübingen,78,Germany,47.0,58.2,59.8,79.3,59.2,28327.0,38.9,12.0,58.0,42.0
78,University of Pittsburgh,79,United States of America,50.6,33.9,50.3,92.3,39.3,26485.0,5.8,10.0,51.0,49.0
79,University of Warwick,80,United Kingdom,47.4,90.3,53.1,78.2,37.7,18529.0,16.6,37.0,48.0,52.0
80,Uppsala University,81,Sweden,44.1,59.6,61.0,80.9,39.5,25266.0,18.2,12.0,57.0,43.0
81,University of Copenhagen,82,Denmark,49.8,83.3,42.7,86.2,45.0,27545.0,4.1,19.0,67.0,33.0
82,University of New South Wales,82,Australia,40.7,89.5,53.9,82.1,50.0,38309.0,25.9,33.0,47.0,53.0
83,University of Freiburg,84,Germany,47.4,60.3,51.1,80.5,100.0,26467.0,31.2,16.0,52.0,48.0
84,Seoul National University,85,South Korea,66.5,30.9,70.5,50.0,85.4,26389.0,13.9,10.0,49.53804347826087,50.46195652173913
85,University of St Andrews,86,United Kingdom,49.7,92.3,47.3,78.8,30.6,8338.0,12.7,47.0,56.0,44.0
86,Vanderbilt University,87,United States of America,47.8,29.1,44.2,95.7,63.2,12161.0,3.6,10.0,52.0,48.0
87,Kyoto University,88,Japan,70.6,26.1,69.3,46.6,79.0,22809.0,5.6,7.0,49.53804347826087,50.46195652173913
88,Maastricht University,88,Netherlands,37.5,95.5,47.7,82.7,95.4,15626.0,18.9,48.0,56.0,44.0
89,Emory University,90,United States of America,48.3,51.0,37.1,96.7,48.9,12338.0,4.5,18.0,56.0,44.0
90,Lund University,90,Sweden,39.7,74.1,53.6,81.3,70.4,28251.0,11.5,15.0,49.53804347826087,50.46195652173913
91,Ohio State University,90,United States of America,51.6,53.0,46.6,83.2,53.1,51462.0,13.4,12.0,49.0,51.0
92,University of Exeter,93,United Kingdom,39.4,87.3,40.0,94.3,31.9,17755.0,18.8,28.0,54.0,46.0
93,University of Bonn,94,Germany,45.1,63.6,47.5,85.3,46.86959370904325,32474.0,70.4,13.0,55.0,45.0
94,Georgetown University,94,United States of America,54.4,52.7,39.3,82.5,80.7,15408.0,8.5,14.0,53.0,47.0
95,McMaster University,94,Canada,39.8,76.1,44.8,84.9,88.0,23823.0,19.3,15.0,53.0,47.0
96,University of Sheffield,97,United Kingdom,42.4,81.9,48.8,80.1,43.4,23311.0,15.5,31.0,50.0,50.0
97,Queen Mary University of London,98,United Kingdom,34.1,93.5,41.3,93.3,36.8,14260.0,14.0,40.0,52.0,48.0
98,University of Göttingen,99,Germany,49.3,56.4,54.5,72.7,31.8,25581.0,25.6,12.0,51.0,49.0
99,Michigan State University,99,United States of America,47.3,56.4,52.6,76.8,32.2,44750.0,15.7,15.0,51.0,49.0
100,University of Basel,101,Switzerland,39.5,94.7,33.1,88.3,99.9,12551.0,17.3,24.0,54.0,46.0
101,École Polytechnique,101,France,53.5,92.8,44.6,64.7,82.3,2429.0,4.8,30.0,18.0,82.0
102,Rice University,101,United States of America,37.9,66.6,35.1,99.7,41.7,6333.0,9.0,26.0,44.0,56.0
103,Dartmouth College,104,United States of America,50.7,38.3,35.8,93.3,40.8,6178.0,6.6,16.0,47.0,53.0
104,University of Zurich,104,Switzerland,49.5,90.4,31.5,85.4,44.0,26583.0,6.5,19.0,57.0,43.0
105,Aarhus University,106,Denmark,36.9,76.8,50.7,79.8,68.3,23895.0,13.6,14.0,54.0,46.0
106,"University of California, Irvine",106,United States of America,39.9,59.2,41.8,91.6,48.9,26614.0,16.1,16.0,52.0,48.0
107,University of Mannheim,106,Germany,34.5,64.6,47.7,86.9,85.3,11761.0,85.8,15.0,55.0,45.0
108,University of Notre Dame,108,United States of America,47.6,47.6,48.1,81.7,33.7,11829.0,13.8,10.0,44.0,56.0
109,University of Western Australia,109,Australia,33.4,92.6,46.1,83.6,64.5,20851.0,20.7,27.0,50.0,50.0
110,RWTH Aachen University,110,Germany,49.4,54.1,56.3,63.2,98.1,37917.0,27.6,16.0,31.0,69.0
111,University of Southampton,110,United Kingdom,39.8,88.4,43.6,82.0,37.5,20925.0,13.5,29.0,53.0,47.0
112,Scuola Normale Superiore di Pisa,112,Italy,54.2,46.3,53.1,67.2,52.0,462.0,16.5,5.0,28.0,72.0
113,University of Montreal,113,Canada,46.3,84.2,45.5,69.6,92.6,38264.0,20.3,25.0,57.0,43.0
114,Pierre and Marie Curie University,113,France,52.8,74.1,32.7,82.9,37.4,27862.0,8.7,18.0,48.0,52.0
115,Purdue University,113,United States of America,50.2,66.4,57.7,63.2,46.86959370904325,39256.0,18.1,22.0,42.0,58.0
116,Pohang University of Science and Technology,116,South Korea,49.1,33.7,47.1,76.7,100.0,3055.0,10.1,4.0,20.0,80.0
117,"University of Maryland, College Park",117,United States of America,45.0,43.5,42.1,88.2,32.3,31331.0,8.4,9.0,48.0,52.0
118,Ghent University,118,Belgium,42.1,54.2,54.5,71.2,88.3,32166.0,34.1,9.0,57.0,43.0
119,University of Birmingham,119,United Kingdom,39.4,82.0,41.8,82.7,34.7,25295.0,16.4,23.0,54.0,46.0
120,University of Bern,120,Switzerland,40.0,83.7,42.5,76.6,82.9,14708.0,22.5,14.0,54.0,46.0
121,University of Cape Town,120,South Africa,34.9,80.2,38.7,85.6,92.7,20040.0,12.1,18.0,53.0,47.0
122,University of Florida,120,United States of America,51.8,33.3,56.8,67.7,46.86959370904325,50095.0,18.7,9.0,54.0,46.0
123,University of Erlangen-Nuremberg,123,Germany,51.7,47.0,39.7,75.2,99.4,36146.0,53.9,9.0,49.0,51.0
124,"Rutgers, the State University of New Jersey",123,United States of America,43.9,34.7,55.7,75.4,35.9,37032.0,17.3,8.0,51.0,49.0
125,University of Münster,125,Germany,40.3,46.3,44.1,85.6,58.2,39838.0,46.1,8.0,53.0,47.0
126,Radboud University Nijmegen,125,Netherlands,34.3,60.9,48.5,84.9,39.2,17713.0,13.0,10.0,58.0,42.0
127,University of Colorado Boulder,127,United States of America,39.7,36.6,37.6,96.4,35.7,29325.0,16.1,8.0,45.0,55.0
128,Tufts University,127,United States of America,45.2,49.4,33.3,90.1,60.7,10410.0,10.0,14.0,54.0,46.0
129,"Royal Holloway, University of London",129,United Kingdom,35.1,92.7,33.2,91.2,34.4,8747.0,15.9,37.0,57.0,43.0
130,Lancaster University,130,United Kingdom,34.0,87.0,41.4,85.3,33.6,11512.0,14.9,33.0,52.0,48.0
131,University of Geneva,131,Switzerland,34.9,98.5,40.5,78.5,72.4,15668.0,15.0,39.0,61.0,39.0
132,University of York,131,United Kingdom,41.9,83.5,46.3,73.1,31.1,24161.264817150062,19.11639344262295,12.70253164556962,49.53804347826087,50.46195652173913
133,Case Western Reserve University,133,United States of America,46.1,40.5,33.2,92.0,34.1,9259.0,6.4,17.0,48.0,52.0
134,University of Leeds,133,United Kingdom,43.7,77.4,39.0,79.2,36.7,27703.0,14.7,21.0,58.0,42.0
135,University of Oslo,135,Norway,43.3,68.2,44.7,75.5,38.3,27139.0,18.8,18.0,49.53804347826087,50.46195652173913
136,Stockholm University,136,Sweden,34.1,48.5,51.2,82.5,31.1,31715.0,23.7,8.0,62.0,38.0
137,University of Alberta,137,Canada,46.4,80.7,48.1,63.6,47.4,36299.0,21.6,23.0,55.0,45.0
138,Chinese University of Hong Kong,138,Hong Kong,41.5,81.1,48.5,68.4,37.5,17916.0,10.2,22.0,53.0,47.0
139,Karlsruhe Institute of Technology,138,Germany,37.7,56.7,47.5,73.8,99.5,25294.0,24.6,16.0,26.0,74.0
140,University of Sussex,140,United Kingdom,33.4,88.3,37.2,86.1,30.6,12001.0,17.4,35.0,54.0,46.0
141,University of Massachusetts,141,United States of America,40.2,48.9,36.3,88.1,52.2,56959.0,13.0,11.0,49.0,51.0
142,University of Vienna,142,Austria,40.8,92.6,50.5,63.6,30.2,34651.0,20.5,25.0,67.0,33.0
143,University of Nottingham,143,United Kingdom,40.3,80.6,39.0,77.5,39.8,30144.0,15.0,27.0,54.0,46.0
144,"University of California, Santa Cruz",144,United States of America,31.1,45.6,34.2,99.9,36.1,17404.0,22.7,1.0,53.0,47.0
145,University of Lausanne,144,Switzerland,30.9,89.2,45.6,76.2,56.0,11964.0,13.1,22.0,49.53804347826087,50.46195652173913
146,Autonomous University of Barcelona,146,Spain,40.3,50.3,40.0,83.8,34.9,30538.0,12.3,10.0,59.0,41.0
147,University of Virginia,147,United States of America,38.8,43.4,37.5,87.3,37.9,23845.0,10.2,12.0,52.0,48.0
148,Korea Advanced Institute of Science and Technology (KAIST),148,South Korea,43.3,33.9,40.5,75.9,100.0,9027.0,10.0,9.0,20.0,80.0
149,University of Adelaide,149,Australia,32.8,85.1,43.2,72.4,79.3,20771.0,30.1,26.0,48.0,52.0
150,University of East Anglia,149,United Kingdom,31.9,83.5,28.7,92.7,28.5,14992.0,14.7,28.0,58.0,42.0
151,University of Twente,149,Netherlands,34.1,80.1,45.6,68.8,91.2,6631.0,12.0,26.0,37.0,63.0
152,Sungkyunkwan University (SKKU),153,South Korea,51.4,36.7,53.5,53.8,97.5,24365.0,20.3,9.0,39.0,61.0
153,VU University Amsterdam,154,Netherlands,28.4,54.9,37.1,90.7,60.1,23280.0,16.3,6.0,56.0,44.0
154,KTH Royal Institute of Technology,155,Sweden,39.0,84.4,44.3,63.9,78.1,12062.0,14.6,21.0,30.0,70.0
155,University of Cologne,156,Germany,42.2,53.1,38.0,75.0,68.5,43280.0,43.4,11.0,60.0,40.0
156,University of Liverpool,157,United Kingdom,32.8,85.4,30.9,85.9,36.6,18815.0,13.6,30.0,52.0,48.0
157,TU Dresden,158,Germany,41.4,47.7,45.8,66.1,99.7,35487.0,37.4,12.0,42.0,58.0
158,University of Rochester,158,United States of America,39.7,55.8,27.9,89.0,37.0,9390.0,4.5,26.0,49.0,51.0
159,Trinity College Dublin,160,Republic of Ireland,41.9,90.5,30.8,75.8,28.0,15521.0,18.0,25.0,57.0,43.0
160,Lomonosov Moscow State University,161,Russian Federation,75.4,57.8,66.7,8.6,95.7,30822.0,7.7,20.0,43.0,57.0
161,University of Miami,161,United States of America,41.7,64.0,22.3,90.1,35.5,15286.0,5.7,14.0,50.0,50.0
162,University of Arizona,163,United States of America,38.7,38.6,41.8,79.5,32.4,36429.0,12.7,8.0,52.0,48.0
163,Pompeu Fabra University,164,Spain,32.9,63.3,28.0,90.7,37.2,10901.0,18.3,13.0,59.0,41.0
164,University of Reading,164,United Kingdom,39.3,85.1,37.3,69.9,34.2,12050.0,14.8,28.0,55.0,45.0
165,Yeshiva University,164,United States of America,44.8,28.5,23.7,92.8,46.86959370904325,6753.0,5.5,7.0,53.0,47.0
166,"University of California, Riverside",167,United States of America,27.5,59.5,33.3,91.2,42.5,20626.0,22.0,12.0,51.0,49.0
167,University of Leicester,167,United Kingdom,32.1,86.6,27.8,86.0,31.7,14541.0,13.4,35.0,54.0,46.0
168,National Taiwan University,167,Taiwan,54.1,27.7,58.0,47.3,49.6,31891.0,11.9,7.0,39.0,61.0
169,Technical University of Denmark,167,Denmark,37.3,85.1,29.9,77.8,50.0,9990.0,5.0,18.0,27.0,73.0
170,Université Catholique de Louvain,167,Belgium,38.7,74.2,40.6,68.4,51.0,28856.0,42.0,19.0,54.0,46.0
171,University of Aberdeen,172,United Kingdom,29.7,91.4,31.4,82.6,43.1,12938.0,15.8,33.0,54.0,46.0
172,University of Auckland,172,New Zealand,31.4,90.5,39.5,69.8,78.0,29787.0,18.9,28.0,54.0,46.0
173,University of Barcelona,174,Spain,38.5,49.2,37.4,78.9,31.1,47491.0,12.2,10.0,62.0,38.0
174,University of Konstanz,175,Germany,38.5,58.3,46.7,61.9,92.4,10930.0,59.1,12.0,54.0,46.0
175,Eindhoven University of Technology,176,Netherlands,34.3,71.3,41.0,70.7,57.3,8176.0,16.0,14.0,19.0,81.0
176,University College Dublin,176,Republic of Ireland,35.0,86.3,38.5,70.8,33.5,22193.0,24.5,23.0,49.53804347826087,50.46195652173913
177,Hebrew University of Jerusalem,178,Israel,45.8,55.6,41.4,64.6,31.9,17612.0,10.7,5.0,55.0,45.0
178,University of Waterloo,179,Canada,35.4,74.4,43.9,66.5,39.5,30726.0,24.2,14.0,45.0,55.0
179,University of Gothenburg,180,Sweden,28.5,58.3,39.8,81.8,30.3,26420.0,16.4,12.0,49.53804347826087,50.46195652173913
180,Scuola Superiore Sant’Anna,180,Italy,42.5,45.2,23.2,84.5,71.2,769.0,8.5,17.0,35.0,65.0
181,University of Bergen,182,Norway,32.5,70.0,31.5,82.4,36.2,11623.0,11.1,12.0,60.0,40.0
182,Cardiff University,182,United Kingdom,30.9,78.1,31.6,82.0,34.6,23347.0,13.1,23.0,57.0,43.0
183,University of Utah,182,United States of America,35.6,30.1,35.3,83.7,57.4,25674.0,16.9,9.0,45.0,55.0
184,Brandeis University,185,United States of America,28.3,47.0,25.7,97.3,38.6,5495.0,12.6,22.0,55.0,45.0
185,University of Dundee,185,United Kingdom,25.6,78.5,26.9,90.2,49.5,11628.0,15.3,25.0,60.0,40.0
186,University of Würzburg,185,Germany,34.6,50.9,35.8,79.1,47.9,26576.0,38.4,8.0,57.0,43.0
187,Paris-Sud University,188,France,38.7,64.2,29.0,79.8,28.8,27603.0,15.0,17.0,49.53804347826087,50.46195652173913
188,Arizona State University,189,United States of America,32.4,31.9,38.1,84.6,32.0,83236.0,29.9,9.0,50.0,50.0
189,University of Antwerp,190,Belgium,31.6,64.8,40.8,71.7,60.3,12346.0,30.3,16.0,56.0,44.0
190,Boston College,190,United States of America,34.1,60.0,29.3,83.3,46.8,13216.0,17.4,19.0,54.0,46.0
191,Ulm University,192,Germany,35.2,58.2,23.9,86.4,58.4,9187.0,11.2,10.0,47.0,53.0
192,University of Luxembourg,193,Luxembourg,25.0,99.8,26.7,84.8,38.1,5144.0,15.9,52.0,50.0,50.0
193,Texas A&M University,193,United States of America,49.4,47.8,52.4,47.1,46.4,50657.0,21.4,9.0,47.0,53.0
194,Charité - Universitätsmedizin Berlin,195,Germany,37.3,61.1,22.2,83.8,68.4,6853.0,6.6,16.0,64.0,36.0
195,Newcastle University,196,United Kingdom,30.9,84.3,27.5,81.5,34.7,20174.0,15.2,29.0,50.0,50.0
196,"St George’s, University of London",196,United Kingdom,25.6,69.5,18.1,100.0,37.7,2958.0,13.4,17.0,61.0,39.0
197,University of Trento,198,Italy,30.8,55.9,27.4,87.7,47.1,16841.0,43.2,8.0,51.0,49.0
198,Paris Diderot University – Paris 7,199,France,30.5,64.9,22.9,91.0,29.0,27756.0,14.8,17.0,63.0,37.0
199,Queen’s University Belfast,200,United Kingdom,34.1,93.4,33.3,68.9,35.7,17940.0,17.9,30.0,54.0,46.0
200,Aalborg University,201,Denmark,25.1,71.0,28.4,73.8,43.7,17422.0,15.9,15.0,48.0,52.0
201,"Birkbeck, University of London",201,United Kingdom,33.5,89.9,35.1,66.3,28.5,9454.0,17.2,38.0,55.0,45.0
202,University of Bologna,201,Italy,39.3,39.9,29.5,73.0,34.5,85532.0,22.9,7.0,56.0,44.0
203,University at Buffalo,201,United States of America,36.5,60.6,37.9,62.0,43.8,25668.0,19.0,19.0,47.0,53.0
204,University of Calgary,201,Canada,33.9,70.1,36.7,67.8,52.0,28341.0,16.5,17.0,53.0,47.0
205,Chalmers University of Technology,201,Sweden,36.6,77.6,35.3,52.2,79.5,8605.0,11.6,15.0,30.0,70.0
206,City University of Hong Kong,201,Hong Kong,32.1,81.6,26.7,76.8,50.1,10015.0,7.1,28.0,51.0,49.0
207,Copenhagen Business School,201,Denmark,19.3,88.5,26.5,79.4,35.3,18293.0,42.7,19.0,48.0,52.0
208,Dalhousie University,201,Canada,30.4,78.3,29.4,65.2,50.3,15064.0,14.4,18.0,55.0,45.0
209,University of Duisburg-Essen,201,Germany,32.3,48.5,27.0,81.3,82.3,36051.0,46.6,11.0,49.0,51.0
210,École Normale Supérieure de Lyon,201,France,41.6,65.6,30.0,69.0,31.7,2218.0,8.0,14.0,49.0,51.0
211,Florida State University,201,United States of America,38.5,41.6,40.1,64.7,32.0,41226.0,31.8,7.0,55.0,45.0
212,University of Fribourg,201,Switzerland,32.3,87.4,32.9,64.1,60.8,10416.0,46.9,19.0,58.0,42.0
213,Fudan University,201,China,44.7,38.6,30.4,61.1,28.0,32175.0,12.2,11.0,50.0,50.0
214,George Washington University,201,United States of America,44.7,48.1,23.5,65.7,29.5,20541.0,12.0,16.0,56.0,44.0
215,Goethe University Frankfurt,201,Germany,35.8,60.2,28.6,79.3,38.1,31861.0,9.3,15.0,60.0,40.0
216,University of Hawai’i at Mānoa,201,United States of America,32.0,63.4,35.5,67.7,44.7,24161.264817150062,19.11639344262295,12.70253164556962,49.53804347826087,50.46195652173913
217,Hong Kong Polytechnic University,201,Hong Kong,29.3,79.0,35.2,63.3,45.1,22064.0,25.9,26.0,51.0,49.0
218,University of Illinois at Chicago,201,United States of America,40.9,58.1,29.2,63.2,38.0,24313.0,9.2,17.0,53.0,47.0
219,Indiana University,201,United States of America,43.0,41.2,27.3,74.8,46.86959370904325,62468.0,13.6,13.0,53.0,47.0
220,University of Iowa,201,United States of America,41.0,32.3,26.7,73.5,54.1,27526.0,11.6,11.0,52.0,48.0
221,Johannes Gutenberg University of Mainz,201,Germany,34.9,53.3,21.7,72.6,70.7,35609.0,32.6,10.0,58.0,42.0
222,Joseph Fourier University,201,France,34.2,58.6,21.6,83.2,31.6,16130.0,12.1,13.0,49.53804347826087,50.46195652173913
223,University of Kiel,201,Germany,32.3,49.4,20.5,89.5,46.86959370904325,24444.0,23.8,8.0,53.0,47.0
224,Laval University,201,Canada,37.5,63.8,31.7,62.2,57.5,27227.0,16.2,12.0,49.53804347826087,50.46195652173913
225,Medical University of Vienna,201,Austria,26.6,81.7,14.6,89.1,33.9,7426.0,2.9,28.0,50.0,50.0
226,Northeastern University,201,United States of America,35.5,58.7,20.6,84.0,32.9,18539.0,15.1,26.0,50.0,50.0
227,Oregon Health and Science University,201,United States of America,27.8,21.4,15.7,96.0,44.6,2838.0,1.1,3.0,65.0,35.0
228,University of Otago,201,New Zealand,30.7,89.9,30.5,74.9,31.5,18600.0,20.3,21.0,57.0,43.0
229,University of Ottawa,201,Canada,37.1,69.9,36.7,61.5,41.5,36733.0,26.3,15.0,60.0,40.0
230,Paris Descartes University,201,France,24.6,49.1,28.8,83.3,29.0,34691.0,26.9,15.0,63.0,37.0
231,Peter the Great St Petersburg Polytechnic University,201,Russian Federation,30.8,29.6,17.8,97.4,42.5,17155.0,7.2,8.0,40.0,60.0
232,Polytechnic University of Milan,201,Italy,30.1,48.8,31.7,76.3,66.3,30025.0,22.2,12.0,34.0,66.0
233,Royal Veterinary College,201,United Kingdom,26.0,81.7,27.8,74.9,45.5,1819.0,10.9,18.0,77.0,23.0
234,Rush University,201,United States of America,37.7,21.8,17.4,88.9,45.4,1855.0,2.1,5.0,71.0,29.0
235,Sapienza University of Rome,201,Italy,38.0,34.7,37.3,61.5,32.6,120986.0,32.3,7.0,59.0,41.0
236,University of Science and Technology of China,201,China,46.7,21.4,36.6,67.2,80.3,14290.0,7.9,2.0,49.53804347826087,50.46195652173913
237,University of South Florida,201,United States of America,24.8,45.1,35.7,73.4,99.8,31424.0,21.5,10.0,49.53804347826087,50.46195652173913
238,Stony Brook University,201,United States of America,32.6,53.2,22.0,83.0,33.4,21908.0,10.9,24.0,50.0,50.0
239,University of Stuttgart,201,Germany,40.0,52.7,44.5,55.7,99.8,24099.0,45.4,20.0,31.0,69.0
240,Swedish University of Agricultural Sciences,201,Sweden,31.5,40.1,32.8,68.1,99.9,3879.0,4.6,12.70253164556962,67.0,33.0
241,Technical University of Darmstadt,201,Germany,37.1,54.4,43.2,51.1,99.1,20300.0,53.6,18.0,28.0,72.0
242,University of Technology Sydney,201,Australia,27.0,90.1,35.1,66.9,42.3,24519.0,44.1,31.0,53.0,47.0
243,Tel Aviv University,201,Israel,41.0,47.5,50.5,49.2,42.9,23977.0,24.4,4.0,49.53804347826087,50.46195652173913
244,University of Texas at Dallas,201,United States of America,24.3,52.3,26.7,86.8,41.8,16306.0,22.8,23.0,44.0,56.0
245,Tilburg University,201,Netherlands,34.1,71.6,47.1,51.5,57.4,7576.0,22.4,10.0,49.0,51.0
246,Tohoku University,201,Japan,45.3,29.3,42.7,49.4,74.7,17200.0,5.0,7.0,25.0,75.0
247,Tokyo Institute of Technology,201,Japan,45.6,31.9,47.6,42.2,70.9,9586.0,7.3,13.0,13.0,87.0
248,University of Victoria,201,Canada,20.6,70.2,30.0,79.0,36.6,17581.0,21.5,11.0,56.0,44.0
249,Wake Forest University,201,United States of America,34.6,24.2,19.5,94.8,42.5,7326.0,4.6,5.0,51.0,49.0
250,University of Western Ontario,201,Canada,38.6,73.6,32.4,59.0,59.7,27387.0,20.7,16.0,54.0,46.0
251,William & Mary,201,United States of America,38.5,26.6,17.5,85.0,29.1,7867.0,11.8,7.0,54.0,46.0
252,University of the Witwatersrand,201,South Africa,26.2,68.4,31.5,76.0,99.7,23321.0,18.6,9.0,56.0,44.0
253,Aalto University,251,Finland,31.1,65.4,32.8,62.1,61.6,16099.0,24.2,17.0,32.0,68.0
254,Aix-Marseille University,251,France,36.7,63.0,22.1,64.9,33.1,71749.0,45.5,13.0,61.0,39.0
255,University of Bath,251,United Kingdom,28.9,84.8,27.9,56.7,36.3,12830.0,18.8,30.0,46.0,54.0
256,Bayreuth University,251,Germany,32.2,52.6,31.2,60.1,56.4,12520.0,35.5,8.0,46.0,54.0
257,Bielefeld University,251,Germany,35.2,45.4,46.2,49.9,60.9,21428.0,67.8,8.0,57.0,43.0
258,University of Bordeaux,251,France,25.3,54.6,22.0,71.7,30.6,51239.0,19.4,12.0,58.0,42.0
259,Charles Darwin University,251,Australia,17.8,63.7,22.6,85.9,43.2,5570.0,25.4,15.0,67.0,33.0
260,Colorado School of Mines,251,United States of America,28.5,35.5,30.3,71.8,83.7,5287.0,18.2,12.0,26.0,74.0
261,Colorado State University,251,United States of America,31.6,34.5,33.0,59.3,41.0,26769.0,19.0,5.0,52.0,48.0
262,University of Delaware,251,United States of America,23.7,41.6,34.0,70.0,98.7,19262.0,15.9,10.0,56.0,44.0
263,Flinders University,251,Australia,21.4,64.7,25.7,69.5,41.7,15655.0,22.6,15.0,63.0,37.0
264,University of Georgia,251,United States of America,41.1,39.2,30.5,52.2,30.9,33119.0,19.9,7.0,57.0,43.0
265,Griffith University,251,Australia,22.5,81.7,25.2,66.3,34.6,30251.0,22.0,21.0,49.53804347826087,50.46195652173913
266,University of Iceland,251,Iceland,16.2,61.0,16.2,91.4,28.0,13960.0,25.9,8.0,66.0,34.0
267,Indian Institute of Science,251,India,42.7,16.4,47.2,42.4,52.4,3318.0,8.2,1.0,19.0,81.0
268,Iowa State University,251,United States of America,31.2,35.4,29.4,61.5,54.0,29991.0,17.4,11.0,44.0,56.0
269,James Cook University,251,Australia,19.0,70.4,22.8,81.4,40.7,11713.0,21.9,11.0,63.0,37.0
270,Justus Liebig University Giessen,251,Germany,32.9,46.8,33.9,52.9,46.4,25682.0,53.9,9.0,62.0,38.0
271,King Abdulaziz University,251,Saudi Arabia,23.9,93.0,11.8,76.6,73.1,35889.0,8.4,21.0,57.0,43.0
272,Koç University,251,Turkey,21.2,53.5,27.1,74.9,82.4,4488.0,14.6,8.0,52.0,48.0
273,Korea University,251,South Korea,43.9,40.2,43.4,41.8,99.8,24043.0,15.8,14.0,49.53804347826087,50.46195652173913
274,University of Liège,251,Belgium,29.1,69.7,36.6,46.5,98.9,20951.0,25.9,23.0,54.0,46.0
275,Linköping University,251,Sweden,24.2,57.7,18.9,76.8,42.1,17866.0,7.7,10.0,52.0,48.0
276,Nanjing University,251,China,37.2,50.4,32.2,54.2,58.6,29743.0,13.3,10.0,46.0,54.0
277,National Tsing Hua University,251,Taiwan,37.7,23.2,36.6,53.0,49.5,10221.0,13.5,5.0,33.0,67.0
278,"National University of Ireland, Galway",251,Republic of Ireland,27.3,76.5,25.4,68.5,41.9,14067.0,26.8,14.0,56.0,44.0
279,University of Newcastle,251,Australia,27.4,75.9,26.5,67.2,64.4,23508.0,21.9,18.0,56.0,44.0
280,North Carolina State University,251,United States of America,36.1,49.0,30.5,60.0,40.7,30533.0,13.6,11.0,44.0,56.0
281,Oregon State University,251,United States of America,30.6,42.8,28.5,63.8,32.1,22578.0,16.8,9.0,47.0,53.0
282,Osaka University,251,Japan,46.8,26.6,45.2,37.4,76.1,23144.0,7.8,9.0,31.0,69.0
283,Queen’s University,251,Canada,35.8,61.6,35.8,54.4,54.2,20488.0,22.1,10.0,58.0,42.0
284,Queensland University of Technology,251,Australia,28.8,76.0,35.6,56.0,73.7,33391.0,35.8,17.0,54.0,46.0
285,Rensselaer Polytechnic Institute,251,United States of America,30.4,40.3,31.5,65.1,79.6,6671.0,15.0,16.0,30.0,70.0
286,Royal College of Surgeons in Ireland,251,Republic of Ireland,29.9,90.1,20.1,65.3,33.9,2473.0,15.6,63.0,55.0,45.0
287,Ruhr University Bochum,251,Germany,32.8,51.7,30.0,54.4,66.6,38675.0,46.3,13.0,48.0,52.0
288,Saint Louis University,251,United States of America,36.9,26.6,10.9,85.0,29.9,11919.0,5.8,8.0,58.0,42.0
289,University of São Paulo,251,Brazil,59.1,25.3,57.1,20.4,30.5,81402.0,14.6,4.0,48.0,52.0
290,Simon Fraser University,251,Canada,23.2,61.4,29.2,72.8,42.3,26640.0,28.3,19.0,55.0,45.0
291,University of Surrey,251,United Kingdom,31.7,90.4,28.9,51.2,34.9,12063.0,16.6,38.0,55.0,45.0
292,Syracuse University,251,United States of America,31.4,38.3,20.8,77.1,36.3,19660.0,15.9,15.0,55.0,45.0
293,University of Tasmania,251,Australia,21.8,79.1,25.7,68.0,42.7,18340.0,23.8,21.0,57.0,43.0
294,"University of Tennessee, Knoxville",251,United States of America,29.5,39.3,23.2,81.4,41.3,24716.0,17.0,5.0,49.53804347826087,50.46195652173913
295,Tomsk Polytechnic University,251,Russian Federation,31.6,32.7,15.1,82.4,60.2,11902.0,6.9,17.0,39.0,61.0
296,Tulane University,251,United States of America,39.1,35.3,19.3,67.8,32.4,11381.0,8.4,8.0,56.0,44.0
297,Umeå University,251,Sweden,20.8,56.1,25.0,74.5,31.1,16667.0,11.9,7.0,60.0,40.0
298,Vienna University of Technology,251,Austria,34.1,77.3,32.0,54.6,86.5,26419.0,52.0,27.0,27.0,73.0
299,Virginia Polytechnic Institute and State University,251,United States of America,34.9,29.5,38.2,54.2,43.3,30850.0,18.6,10.0,42.0,58.0
300,University of Wollongong,251,Australia,25.8,86.8,28.4,59.3,57.9,16489.0,25.4,24.0,50.0,50.0
301,Zhejiang University,251,China,44.3,19.6,46.0,36.1,96.2,47508.0,15.9,5.0,41.0,59.0
302,Aberystwyth University,301,United Kingdom,21.6,72.2,18.9,67.2,31.3,9252.0,19.2,18.0,48.0,52.0
303,University of Alaska Fairbanks,301,United States of America,25.1,53.5,23.1,63.0,51.2,3837.0,8.2,7.0,53.0,47.0
304,Autonomous University of Madrid,301,Spain,35.6,48.6,30.9,46.9,33.0,28296.0,13.0,15.0,56.0,44.0
305,Bangor University,301,United Kingdom,22.6,81.3,22.1,65.4,31.0,9567.0,19.5,22.0,55.0,45.0
306,University of Bremen,301,Germany,30.9,50.0,32.7,50.0,46.0,18590.0,25.6,11.0,50.0,50.0
307,University of Cincinnati,301,United States of America,31.3,28.3,20.4,72.1,35.3,36108.0,15.7,6.0,54.0,46.0
308,University of Connecticut,301,United States of America,35.9,43.1,25.6,57.0,30.9,25742.0,13.0,11.0,51.0,49.0
309,Deakin University,301,Australia,22.4,76.9,21.9,66.8,30.0,32713.0,30.4,17.0,60.0,40.0
310,University of Essex,301,United Kingdom,33.9,93.7,33.3,38.6,28.9,12695.0,19.8,39.0,55.0,45.0
311,George Mason University,301,United States of America,29.6,36.9,21.2,64.9,29.1,26622.0,17.0,7.0,54.0,46.0
312,University of Greifswald,301,Germany,30.1,41.7,23.5,61.3,32.6,10931.0,24.0,6.0,55.0,45.0
313,Gwangju Institute of Science and Technology,301,South Korea,35.2,36.2,42.0,43.7,45.2,1394.0,9.6,8.0,25.0,75.0
314,University of Hohenheim,301,Germany,30.9,50.3,33.8,51.5,52.8,9163.0,41.2,13.0,56.0,44.0
315,University of Innsbruck,301,Austria,23.6,95.7,16.9,67.3,39.9,18209.0,16.9,39.0,54.0,46.0
316,Kazan Federal University,301,Russian Federation,21.9,25.5,12.3,87.5,42.4,23321.0,12.2,6.0,69.0,31.0
317,University of Kent,301,United Kingdom,24.6,87.2,19.1,60.9,28.8,17638.0,14.4,27.0,53.0,47.0
318,Leibniz University of Hanover,301,Germany,36.5,43.2,36.9,39.0,69.6,22401.0,62.7,12.0,41.0,59.0
319,Macquarie University,301,Australia,28.5,90.0,27.2,52.3,33.1,27930.0,20.0,44.0,55.0,45.0
320,Medical College of Wisconsin,301,United States of America,25.4,30.4,12.1,85.2,31.8,1211.0,0.6,5.0,48.0,52.0
321,University of Milan,301,Italy,30.5,37.7,24.2,64.8,40.9,58618.0,24.3,5.0,60.0,40.0
322,University of Milan-Bicocca,301,Italy,24.3,34.3,25.5,65.8,46.6,33370.0,72.5,5.0,60.0,40.0
323,Montpellier University,301,France,38.7,54.4,16.7,59.5,31.9,36731.0,18.4,14.0,51.0,49.0
324,Nagoya University,301,Japan,40.8,27.4,38.9,40.1,91.4,15529.0,7.9,10.0,29.0,71.0
325,University of Naples Federico II,301,Italy,24.7,21.1,14.8,81.3,47.4,83653.0,64.2,1.0,49.53804347826087,50.46195652173913
326,National Chiao Tung University,301,Taiwan,32.9,32.0,45.4,34.2,96.9,12646.0,16.6,5.0,27.0,73.0
327,National Research Nuclear University MePhI,301,Russian Federation,43.9,27.5,24.1,52.8,28.1,7801.0,7.3,7.0,29.0,71.0
328,National Taiwan University of Science and Technology (Taiwan Tech),301,Taiwan,31.7,30.5,43.1,39.1,92.2,7446.0,17.4,11.0,34.0,66.0
329,University of Navarra,301,Spain,31.9,52.6,20.8,57.5,63.5,11259.0,10.6,16.0,52.0,48.0
330,University of Nebraska-Lincoln,301,United States of America,30.1,45.8,30.2,53.5,35.6,21789.0,16.4,9.0,46.0,54.0
331,Örebro University,301,Sweden,18.3,39.4,10.4,87.8,29.8,8788.0,15.8,2.0,61.0,39.0
332,University of Oregon,301,United States of America,21.2,33.5,22.7,72.6,30.8,24418.0,20.2,11.0,52.0,48.0
333,University of Padua,301,Italy,25.7,37.9,22.6,74.6,32.6,62577.0,18.3,4.0,56.0,44.0
334,University of Pavia,301,Italy,25.0,40.5,22.5,65.1,69.4,22958.0,40.6,6.0,56.0,44.0
335,Plymouth University,301,United Kingdom,19.3,64.0,18.0,75.2,28.5,24121.0,25.9,13.0,52.0,48.0
336,Shanghai Jiao Tong University,301,China,37.8,27.5,45.2,34.0,92.9,38191.0,12.8,6.0,37.0,63.0
337,University of Southern Denmark,301,Denmark,19.2,71.8,14.7,79.7,28.0,22210.0,12.7,16.0,52.0,48.0
338,Stellenbosch University,301,South Africa,28.2,49.8,35.0,46.9,100.0,21849.0,23.0,8.0,53.0,47.0
339,University of Strasbourg,301,France,25.5,71.6,23.4,64.4,32.8,46208.0,17.8,21.0,58.0,42.0
340,Technical University of Dortmund,301,Germany,34.2,40.8,29.8,55.3,48.6,29143.0,88.9,10.0,47.0,53.0
341,Technion Israel Institute of Technology,301,Israel,30.8,61.9,33.3,52.1,28.8,13855.0,19.4,4.0,35.0,65.0
342,Toulouse 1 Capitole University,301,France,18.6,66.7,35.7,56.3,32.5,19011.0,43.8,19.0,59.0,41.0
343,University of Trieste,301,Italy,26.5,47.3,18.5,74.1,32.3,18135.0,25.8,9.0,56.0,44.0
344,University of Turin,301,Italy,27.4,38.8,22.3,67.5,54.2,67552.0,66.0,6.0,62.0,38.0
345,University of Turku,301,Finland,27.1,66.2,21.2,65.8,31.2,12326.0,14.6,5.0,61.0,39.0
346,Vrije Universiteit Brussel,301,Belgium,28.7,64.5,24.5,56.8,77.1,9020.0,17.1,16.0,55.0,45.0
347,VŠB - Technical University of Ostrava,301,Czech Republic,18.8,22.3,15.7,85.5,32.1,14991.0,23.9,5.0,49.0,51.0
348,Yonsei University,301,South Korea,37.2,41.5,34.1,39.4,75.9,24774.0,11.6,14.0,49.53804347826087,50.46195652173913
349,York University,301,Canada,30.2,58.2,30.8,49.1,33.2,48007.0,39.4,9.0,59.0,41.0
350,Bilkent University,351,Turkey,22.6,47.5,17.5,64.1,30.2,24161.264817150062,19.11639344262295,12.70253164556962,49.53804347826087,50.46195652173913
351,"Binghamton University, State University of New York",351,United States of America,22.7,53.6,17.4,62.0,34.0,15799.0,23.3,14.0,48.0,52.0
352,University of Crete,351,Greece,18.6,47.0,19.2,73.6,34.5,14650.0,26.9,5.0,63.0,37.0
353,University of Cyprus,351,Cyprus,18.0,74.7,28.5,56.7,30.0,6880.0,22.9,8.0,69.0,31.0
354,Drexel University,351,United States of America,31.2,46.3,14.6,57.7,36.3,20713.0,10.8,18.0,48.0,52.0
355,University of Eastern Finland,351,Finland,24.8,46.1,20.7,65.1,33.3,10798.0,17.3,6.0,64.0,36.0
356,University of Florence,351,Italy,21.7,38.5,20.4,72.1,35.9,54290.0,17.2,7.0,59.0,41.0
357,University of St Gallen,351,Switzerland,25.8,97.6,11.2,53.5,41.8,6848.0,10.8,34.0,32.0,68.0
358,Graz University of Technology,351,Austria,26.0,69.3,15.8,52.9,77.2,7542.0,12.5,16.0,22.0,78.0
359,University of Guelph,351,Canada,28.0,53.6,34.2,44.4,47.4,21643.0,28.3,4.0,60.0,40.0
360,Hanyang University,351,South Korea,33.9,54.3,32.6,31.1,87.9,16729.0,10.4,19.0,49.53804347826087,50.46195652173913
361,Hong Kong Baptist University,351,Hong Kong,22.6,75.0,12.1,67.9,28.8,10441.0,11.0,25.0,61.0,39.0
362,University of Houston,351,United States of America,34.9,33.9,26.5,52.0,42.3,40325.0,43.7,9.0,50.0,50.0
363,Indian Institute of Technology Bombay,351,India,37.8,17.7,28.6,48.5,42.3,8327.0,14.9,1.0,16.0,84.0
364,Instituto Superior Técnico Lisboa,351,Portugal,22.2,43.7,25.0,59.8,38.8,11778.0,16.9,9.0,27.0,73.0
365,University of Jyväskylä,351,Finland,28.2,47.1,25.5,55.5,34.2,9703.0,15.2,5.0,62.0,38.0
366,La Trobe University,351,Australia,27.0,78.0,28.5,45.4,43.7,22037.0,29.0,27.0,63.0,37.0
367,Loughborough University,351,United Kingdom,31.2,72.9,32.2,41.3,36.6,13951.0,15.9,22.0,38.0,62.0
368,University of Manitoba,351,Canada,27.1,57.8,26.9,49.7,41.8,28576.0,27.8,11.0,55.0,45.0
369,University of Missouri,351,United States of America,31.2,31.0,21.0,60.2,31.1,29885.0,14.1,5.0,53.0,47.0
370,University of Modena and Reggio Emilia,351,Italy,18.7,34.2,15.6,72.9,32.3,19693.0,25.3,6.0,54.0,46.0
371,University of Montana,351,United States of America,30.8,21.5,13.6,65.5,31.0,12470.0,15.2,3.0,54.0,46.0
372,"National University of Ireland, Maynooth",351,Republic of Ireland,24.6,75.6,22.8,50.2,36.6,7653.0,28.0,11.0,55.0,45.0
373,University of Nebraska Medical Center,351,United States of America,37.0,37.7,13.3,64.4,33.6,2857.0,2.6,8.0,67.0,33.0
374,University of New Mexico,351,United States of America,25.6,28.6,15.4,74.5,37.0,24161.264817150062,19.11639344262295,12.70253164556962,49.53804347826087,50.46195652173913
375,Norwegian University of Science and Technology,351,Norway,16.3,59.9,25.8,59.8,51.8,17381.0,13.9,9.0,46.0,54.0
376,University of Oulu,351,Finland,23.1,56.9,15.9,62.3,30.9,14056.0,8.5,6.0,49.0,51.0
377,Panthéon-Sorbonne University – Paris 1,351,France,53.2,47.6,47.6,6.8,28.3,42215.0,34.3,20.0,59.0,41.0
378,Polytechnic University of Turin,351,Italy,23.7,50.6,18.6,65.9,42.5,27709.0,19.6,16.0,29.0,71.0
379,University of Rome III,351,Italy,23.1,35.9,21.0,64.8,37.5,36353.0,61.2,5.0,59.0,41.0
380,Sabancı University,351,Turkey,22.3,42.7,32.3,52.8,70.0,2739.0,15.9,6.0,39.0,61.0
381,San Diego State University,351,United States of America,20.3,25.9,27.0,62.7,29.3,27420.0,31.7,5.0,57.0,43.0
382,University of South Australia,351,Australia,26.4,89.0,26.7,41.2,85.9,18971.0,26.2,32.0,59.0,41.0
383,University of South Carolina,351,United States of America,31.1,24.5,21.5,58.7,30.3,29336.0,16.3,1.0,55.0,45.0
384,University of South Dakota,351,United States of America,29.3,17.1,12.1,70.4,28.0,8003.0,17.1,2.0,61.0,39.0
385,State University of Campinas,351,Brazil,44.6,21.1,42.3,22.6,49.4,27095.0,15.3,3.0,48.0,52.0
386,University of Stirling,351,United Kingdom,22.6,77.7,23.5,59.1,30.4,7828.0,15.9,22.0,61.0,39.0
387,Sun Yat-sen University,351,China,31.9,37.0,24.6,45.7,79.4,51351.0,16.6,8.0,51.0,49.0
388,Swansea University,351,United Kingdom,22.2,72.4,23.8,58.2,32.7,12801.0,17.1,20.0,49.0,51.0
389,Swinburne University of Technology,351,Australia,21.5,84.8,20.2,53.4,32.2,20314.0,36.5,33.0,44.0,56.0
390,University of Tartu,351,Estonia,23.8,46.1,22.8,64.2,31.5,10269.0,13.0,3.0,66.0,34.0
391,Temple University,351,United States of America,34.0,28.6,18.2,58.3,41.6,33268.0,13.3,5.0,51.0,49.0
392,University of Texas at San Antonio,351,United States of America,18.1,29.6,16.6,74.9,28.6,27520.0,26.9,6.0,48.0,52.0
393,UiT The Arctic University of Norway,351,Norway,26.5,66.1,18.7,58.8,36.8,10398.0,12.2,10.0,60.0,40.0
394,Université Libre de Bruxelles,351,Belgium,26.1,84.5,28.3,47.9,39.1,23819.0,26.1,32.0,54.0,46.0
395,Lille 2 University – Health and Law,351,France,15.1,39.4,9.5,81.7,31.5,26894.0,38.5,8.0,58.0,42.0
396,University College Cork,351,Republic of Ireland,28.6,75.5,23.8,48.4,47.1,15805.0,22.3,15.0,55.0,45.0
397,Verona University,351,Italy,23.6,38.3,13.1,76.1,36.6,25250.0,19.7,7.0,65.0,35.0
398,Victoria University of Wellington,351,New Zealand,26.0,88.8,28.7,44.3,45.6,17142.0,21.1,21.0,55.0,45.0
399,Washington State University,351,United States of America,29.0,39.6,28.2,49.6,57.1,24550.0,18.3,7.0,50.0,50.0
400,Wayne State University,351,United States of America,31.9,29.6,14.2,65.3,41.7,23065.0,10.7,7.0,57.0,43.0
401,American University,401,United States of America,42.2,28.9,16.5,41.1,35.9,11604.0,12.0,12.0,60.0,40.0
402,Aston University,401,United Kingdom,18.4,92.5,20.4,51.9,34.6,24161.264817150062,19.11639344262295,12.70253164556962,49.53804347826087,50.46195652173913
403,University of Aveiro,401,Portugal,24.8,45.9,26.5,43.6,40.1,10791.0,17.8,10.0,51.0,49.0
404,University of Bari Aldo Moro,401,Italy,28.7,31.7,21.6,48.8,45.4,51560.0,65.1,2.0,65.0,35.0
405,Bar-Ilan University,401,Israel,22.6,49.4,21.3,42.3,28.9,17503.0,16.0,5.0,59.0,41.0
406,Bournemouth University,401,United Kingdom,32.0,70.6,12.6,35.2,28.8,14907.0,25.9,18.0,53.0,47.0
407,University of Brescia,401,Italy,15.6,36.6,14.8,72.3,35.8,14076.0,25.0,7.0,48.0,52.0
408,Brno University of Technology,401,Czech Republic,18.0,35.8,14.7,55.8,33.7,23694.0,21.3,15.0,27.0,73.0
409,Brunel University London,401,United Kingdom,24.8,91.8,23.3,39.5,34.7,12613.0,17.6,38.0,46.0,54.0
410,Ca’ Foscari University of Venice,401,Italy,23.9,38.1,27.8,48.9,32.3,19267.0,38.3,7.0,66.0,34.0
411,University of Cagliari,401,Italy,19.4,32.6,13.2,56.8,33.6,30638.0,51.0,1.0,62.0,38.0
412,University of Canterbury,401,New Zealand,23.5,91.0,22.5,38.9,52.1,12187.0,16.5,20.0,51.0,49.0
413,Catholic University of the Sacred Heart,401,Italy,18.6,39.0,11.3,55.4,38.7,30304.0,18.9,10.0,49.53804347826087,50.46195652173913
414,Charles University in Prague,401,Czech Republic,31.5,52.8,21.5,41.0,28.2,51438.0,13.0,15.0,62.0,38.0
415,"China Medical University, Taiwan",401,Taiwan,24.0,25.7,29.4,45.0,60.4,7983.0,15.4,8.0,53.0,47.0
416,City University London,401,United Kingdom,23.5,89.6,21.2,43.5,28.9,13053.0,17.8,50.0,55.0,45.0
417,Claude Bernard University Lyon 1,401,France,21.3,50.5,13.2,66.5,34.5,35308.0,16.1,11.0,50.0,50.0
418,University of Coimbra,401,Portugal,28.3,46.2,26.5,42.4,34.8,22795.0,19.0,11.0,55.0,45.0
419,Complutense University of Madrid,401,Spain,33.2,39.1,27.6,31.2,30.9,86519.0,17.5,13.0,62.0,38.0
420,Concordia University,401,Canada,19.3,77.4,23.4,36.4,30.9,31017.0,30.3,27.0,50.0,50.0
421,Curtin University,401,Australia,20.1,93.1,20.2,44.6,37.8,30333.0,17.1,38.0,53.0,47.0
422,Dublin City University,401,Republic of Ireland,26.1,76.7,25.2,36.3,51.7,8546.0,22.9,17.0,51.0,49.0
423,East China University of Science and Technology,401,China,24.1,21.7,17.1,46.4,64.7,27140.0,15.5,5.0,49.53804347826087,50.46195652173913
424,Ewha Womans University,401,South Korea,23.9,34.3,18.3,50.4,57.6,17625.0,14.4,6.0,100.0,0.0
425,Federico Santa María Technical University,401,Chile,17.2,54.1,10.1,70.5,35.1,11718.0,34.0,2.0,24.0,76.0
426,University of Ferrara,401,Italy,17.7,41.8,17.2,63.3,35.9,18882.0,30.2,7.0,56.0,44.0
427,Florida International University,401,United States of America,25.7,32.8,18.1,49.4,32.7,32566.0,25.9,7.0,56.0,44.0
428,University of Genoa,401,Italy,27.2,38.8,14.2,59.3,42.3,37373.0,29.5,9.0,56.0,44.0
429,Georgia State University,401,United States of America,26.3,29.5,19.5,52.9,28.7,28534.0,20.4,5.0,59.0,41.0
430,University of Graz,401,Austria,24.9,68.9,16.3,53.3,29.3,20584.0,26.8,12.0,65.0,35.0
431,Heriot-Watt University,401,United Kingdom,23.4,90.1,22.4,36.4,45.6,8773.0,17.8,43.0,41.0,59.0
432,Hokkaido University,401,Japan,40.3,27.9,32.8,29.3,53.7,18162.0,8.2,9.0,29.0,71.0
433,Howard University,401,United States of America,38.8,30.3,11.0,44.5,46.86959370904325,10297.0,6.8,5.0,65.0,35.0
434,University of Hull,401,United Kingdom,22.4,73.2,16.1,41.1,31.8,15141.0,18.7,20.0,52.0,48.0
435,University of Idaho,401,United States of America,28.3,32.0,19.4,40.8,32.4,11641.0,21.5,6.0,47.0,53.0
436,Indian Institute of Technology Delhi,401,India,35.8,15.5,25.8,33.4,62.8,8371.0,17.3,1.0,18.0,82.0
437,Indian Institute of Technology Kharagpur,401,India,33.2,13.3,30.5,41.4,31.7,9928.0,17.5,0.0,15.0,85.0
438,Indian Institute of Technology Madras,401,India,34.6,16.1,20.7,31.4,88.9,8234.0,15.9,1.0,19.0,81.0
439,University of Ioannina,401,Greece,14.5,36.9,17.7,56.4,32.9,20825.0,36.3,4.0,58.0,42.0
440,Iran University of Science and Technology,401,Iran,25.9,12.2,26.0,42.3,61.2,10311.0,23.9,0.0,24.0,76.0
441,Johannes Kepler University of Linz,401,Austria,19.2,58.5,13.8,51.6,37.4,19646.0,29.1,10.0,48.0,52.0
442,University of Kaiserslautern,401,Germany,29.6,44.1,22.6,47.5,80.2,14184.0,54.4,14.0,36.0,64.0
443,Keele University,401,United Kingdom,20.0,72.7,17.6,53.0,29.3,8397.0,15.7,20.0,55.0,45.0
444,University of KwaZulu-Natal,401,South Africa,20.3,58.6,25.7,41.5,38.2,30572.0,24.9,6.0,58.0,42.0
445,Kyung Hee University,401,South Korea,26.1,46.4,27.6,39.2,89.4,24356.0,17.4,14.0,49.53804347826087,50.46195652173913
446,Kyushu University,401,Japan,36.5,26.4,27.5,31.8,83.2,18925.0,6.7,8.0,28.0,72.0
447,Lehigh University,401,United States of America,23.9,36.0,15.0,58.2,38.9,6300.0,11.3,15.0,44.0,56.0
448,Louisiana State University,401,United States of America,26.8,26.1,27.7,37.8,46.86959370904325,28116.0,20.1,6.0,52.0,48.0
449,University of Macau,401,Macau,18.5,98.4,17.0,49.7,34.9,8521.0,14.9,31.0,58.0,42.0
450,Makerere University,401,Uganda,15.1,58.0,10.6,70.7,28.0,37340.0,29.4,9.0,50.0,50.0
451,Marche Polytechnic University,401,Italy,15.2,27.3,11.0,80.2,28.0,16589.0,23.0,4.0,45.0,55.0
452,"University of Maryland, Baltimore County",401,United States of America,21.3,28.2,18.2,61.3,31.7,13908.0,18.1,7.0,46.0,54.0
453,Murdoch University,401,Australia,18.7,88.3,19.6,51.2,36.5,16606.0,32.8,43.0,59.0,41.0
454,University of Nantes,401,France,19.6,35.1,12.2,69.4,46.86959370904325,33866.0,22.2,11.0,56.0,44.0
455,National and Kapodistrian University of Athens,401,Greece,26.7,39.0,16.3,45.8,46.86959370904325,63052.0,32.3,9.0,61.0,39.0
456,National Autonomous University of Mexico,401,Mexico,42.7,35.9,40.2,14.8,63.7,137378.0,11.6,5.0,51.0,49.0
457,National Cheng Kung University,401,Taiwan,29.8,27.7,40.2,27.2,100.0,21234.0,14.4,11.0,36.0,64.0
458,National Institute of Applied Sciences of Lyon (INSA Lyon),401,France,27.0,63.6,10.6,41.8,40.3,6137.0,8.2,31.0,31.0,69.0
459,National Yang-Ming University,401,Taiwan,41.5,15.8,18.5,33.3,30.2,4496.0,5.4,2.0,48.0,52.0
460,University of Neuchâtel,401,Switzerland,24.2,91.4,14.7,48.2,46.86959370904325,4358.0,8.5,22.0,59.0,41.0
461,New University of Lisbon,401,Portugal,26.9,44.5,21.9,38.3,41.3,18867.0,17.9,7.0,49.0,51.0
462,University of Nice Sophia Antipolis,401,France,21.4,79.5,16.1,53.7,28.5,27304.0,20.3,22.0,56.0,44.0
463,Novosibirsk State University,401,Russian Federation,41.4,32.4,30.8,26.2,38.2,7131.0,7.1,13.0,52.0,48.0
464,The Open University,401,United Kingdom,21.0,51.5,13.8,60.3,28.4,76683.0,35.9,9.0,61.0,39.0
465,Oxford Brookes University,401,United Kingdom,25.7,68.9,18.8,42.7,28.4,14238.0,18.5,25.0,57.0,43.0
466,University of Palermo,401,Italy,15.3,23.6,9.1,77.4,28.0,43875.0,22.4,1.0,60.0,40.0
467,University of Parma,401,Italy,17.7,36.8,16.6,56.4,37.1,26937.0,29.1,7.0,56.0,44.0
468,University of Pisa,401,Italy,21.6,31.1,18.9,64.5,31.4,47247.0,18.0,4.0,52.0,48.0
469,Polytechnic University of Catalonia,401,Spain,25.2,63.9,14.8,44.7,40.9,22893.0,11.7,28.0,12.0,88.0
470,Pontifical Catholic University of Chile,401,Chile,28.2,52.4,21.3,37.0,28.0,25075.0,15.3,7.0,49.53804347826087,50.46195652173913
471,University of Porto,401,Portugal,32.0,45.4,28.2,37.2,38.7,32720.0,18.8,9.0,54.0,46.0
472,University of Portsmouth,401,United Kingdom,17.2,79.3,10.9,58.2,28.9,20161.0,19.1,23.0,45.0,55.0
473,RMIT University,401,Australia,24.7,82.1,17.7,44.6,37.0,29501.0,18.1,25.0,47.0,53.0
474,University of Rome II – Tor Vergata,401,Italy,23.5,36.5,17.2,64.5,34.7,33504.0,26.5,6.0,52.0,48.0
475,University of Rovira i Virgili,401,Spain,20.8,41.5,14.8,66.9,30.9,12533.0,12.8,9.0,61.0,39.0
476,Saint Petersburg State University,401,Russian Federation,47.9,33.0,31.4,14.5,29.5,20836.0,5.2,7.0,60.0,40.0
477,University of Salento,401,Italy,29.6,24.5,13.2,53.0,36.2,19959.0,58.4,1.0,64.0,36.0
478,University of San Francisco,401,United States of America,34.2,40.1,12.9,43.8,28.6,10788.0,17.0,17.0,63.0,37.0
479,University of Saskatchewan,401,Canada,30.8,52.9,22.4,39.7,62.9,19028.0,16.3,14.0,57.0,43.0
480,Sharif University of Technology,401,Iran,26.6,15.9,30.1,33.7,87.8,10977.0,18.7,0.0,27.0,73.0
481,University of Siena,401,Italy,23.7,39.0,17.8,45.2,33.2,18846.0,23.6,5.0,59.0,41.0
482,Southern Cross University,401,Australia,18.9,52.7,18.3,53.3,37.7,9026.0,32.8,15.0,66.0,34.0
483,State University of New York Albany,401,United States of America,25.6,31.4,35.3,35.5,28.0,15387.0,18.5,8.0,51.0,49.0
484,University of Strathclyde,401,United Kingdom,25.9,71.0,28.0,31.8,44.1,15705.0,20.2,20.0,50.0,50.0
485,University of Tampere,401,Finland,23.5,41.9,13.7,63.7,40.0,10045.0,9.5,4.0,66.0,34.0
486,Tampere University of Technology,401,Finland,23.1,54.0,17.2,45.5,67.5,6147.0,15.5,13.0,23.0,77.0
487,Tokyo Medical and Dental University (TMDU),401,Japan,39.3,23.1,18.3,36.6,59.5,2872.0,3.3,7.0,51.0,49.0
488,Tokyo Metropolitan University,401,Japan,21.6,19.9,11.4,72.2,30.9,9303.0,9.9,4.0,35.0,65.0
489,University of Tsukuba,401,Japan,40.0,34.4,30.0,33.7,42.9,15930.0,12.6,16.0,38.0,62.0
490,University of Ulsan,401,South Korea,19.5,18.6,20.5,54.0,64.7,14037.0,13.3,3.0,49.53804347826087,50.46195652173913
491,Ulster University,401,United Kingdom,19.1,79.0,13.2,44.1,29.2,19622.0,15.8,15.0,55.0,45.0
492,Université du Québec à Montréal,401,Canada,26.8,42.9,24.5,41.6,29.2,27046.0,24.7,9.0,61.0,39.0
493,Universiti Teknologi Malaysia,401,Malaysia,26.3,51.7,14.6,44.7,31.1,16270.0,9.0,13.0,43.0,57.0
494,University of Urbino Carlo Bo,401,Italy,17.2,35.0,8.7,66.8,31.2,13435.0,37.4,7.0,61.0,39.0
495,University of Valencia,401,Spain,22.7,40.5,16.9,49.6,31.3,58413.0,15.4,9.0,60.0,40.0
496,University of Waikato,401,New Zealand,19.3,87.0,18.2,53.7,30.7,10159.0,17.0,25.0,57.0,43.0
497,Western Sydney University,401,Australia,20.1,54.0,24.6,52.3,30.7,30704.0,32.2,9.0,56.0,44.0
498,Wuhan University,401,China,38.2,36.7,26.8,18.0,97.8,46227.0,14.4,7.0,49.53804347826087,50.46195652173913
499,Xiamen University,401,China,26.7,25.0,15.6,47.0,46.86959370904325,32921.0,12.3,5.0,52.0,48.0
500,American University of Beirut,501,Lebanon,27.7,93.0,11.2,31.9,46.86959370904325,7695.0,8.9,25.0,51.0,49.0
501,Amirkabir University of Technology,501,Iran,24.5,7.7,25.7,34.8,55.7,14080.0,25.6,1.0,34.0,66.0
502,"University of the Andes, Colombia",501,Colombia,21.2,51.7,13.8,31.2,28.0,15773.0,16.9,2.0,44.0,56.0
503,University of Arkansas,501,United States of America,25.5,25.9,17.4,30.3,36.9,22819.0,21.2,5.0,50.0,50.0
504,Auburn University,501,United States of America,30.2,27.9,19.4,21.0,37.2,22386.0,17.6,4.0,51.0,49.0
505,Babeş-Bolyai University,501,Romania,27.9,35.4,12.5,32.1,28.6,37915.0,23.5,2.0,67.0,33.0
506,University of the Basque Country,501,Spain,18.2,34.9,11.9,43.1,30.3,46373.0,15.3,5.0,53.0,47.0
507,Bauman Moscow State Technical University,501,Russian Federation,44.0,15.6,23.7,3.1,68.1,18808.0,4.0,4.0,23.0,77.0
508,Ben-Gurion University of the Negev,501,Israel,25.1,52.9,21.3,30.1,28.7,16695.0,12.6,2.0,49.0,51.0
509,Blaise Pascal University,501,France,20.2,66.6,2.9,46.9,46.86959370904325,15619.0,7.1,17.0,55.0,45.0
510,Boğaziçi University,501,Turkey,21.2,38.3,17.2,45.4,35.5,11506.0,25.0,7.0,50.0,50.0
511,University of Burgundy,501,France,21.4,50.9,8.8,46.3,46.86959370904325,26612.0,20.8,11.0,54.0,46.0
512,University of Canberra,501,Australia,18.4,54.6,19.3,29.8,36.2,11221.0,28.6,24.0,54.0,46.0
513,Carleton University,501,Canada,19.9,61.3,24.0,32.0,30.4,25036.0,29.8,18.0,47.0,53.0
514,University of Catania,501,Italy,19.2,25.3,15.9,52.9,29.5,55859.0,49.7,1.0,61.0,39.0
515,Central Queensland University,501,Australia,20.9,50.8,11.4,43.7,32.5,11452.0,29.6,27.0,59.0,41.0
516,University of Chile,501,Chile,28.3,44.1,19.6,30.5,46.86959370904325,29207.0,14.2,3.0,47.0,53.0
517,China Agricultural University,501,China,35.8,17.6,24.9,22.6,52.3,19342.0,12.0,1.0,57.0,43.0
518,Chung-Ang University,501,South Korea,29.9,43.7,27.6,17.4,61.3,13015.0,17.4,17.0,45.0,55.0
519,Czech Technical University in Prague,501,Czech Republic,20.6,25.0,9.3,46.5,28.2,22751.0,12.0,12.70253164556962,49.53804347826087,50.46195652173913
520,De Montfort University,501,United Kingdom,16.8,58.4,10.1,40.1,28.5,16812.0,19.1,21.0,57.0,43.0
521,East China Normal University,501,China,24.6,30.6,14.7,43.3,42.0,29623.0,14.0,11.0,63.0,37.0
522,Edith Cowan University,501,Australia,18.9,68.7,16.1,35.0,34.5,27491.0,16.1,16.0,61.0,39.0
523,Federal University of Rio de Janeiro,501,Brazil,32.4,25.1,19.7,18.3,42.9,52878.0,12.8,2.0,54.0,46.0
524,University of Granada,501,Spain,24.3,36.4,14.7,45.8,29.4,53476.0,16.0,6.0,56.0,44.0
525,University of Haifa,501,Israel,25.5,34.7,29.5,26.2,30.3,17758.0,30.8,1.0,65.0,35.0
526,Harbin Institute of Technology,501,China,29.4,25.6,27.3,15.7,99.8,31658.0,10.8,7.0,29.0,71.0
527,University of Hertfordshire,501,United Kingdom,15.5,78.9,9.5,50.5,29.3,19665.0,19.4,27.0,54.0,46.0
528,Hiroshima University,501,Japan,27.8,22.2,18.9,41.7,42.2,14686.0,8.2,5.0,36.0,64.0
529,Huazhong University of Science and Technology,501,China,29.3,17.3,22.7,31.6,71.8,57242.0,17.7,4.0,34.0,66.0
530,Indian Institute of Technology Guwahati,501,India,24.3,12.9,20.7,42.6,32.3,4710.0,14.2,1.0,14.0,86.0
531,Indian Institute of Technology Kanpur,501,India,33.1,16.4,15.0,31.5,28.0,6167.0,12.2,0.0,13.0,87.0
532,Indian Institute of Technology Roorkee,501,India,29.7,13.9,17.5,37.2,81.4,8061.0,18.7,1.0,17.0,83.0
533,Isfahan University of Technology,501,Iran,18.1,17.2,23.0,39.5,99.5,10964.0,26.5,1.0,39.0,61.0
534,Istanbul Technical University,501,Turkey,19.2,22.9,25.8,26.5,72.1,34550.0,16.0,5.0,34.0,66.0
535,Jadavpur University,501,India,32.8,7.7,22.2,31.8,33.8,10697.0,16.1,0.0,30.0,70.0
536,Kanazawa University,501,Japan,24.7,18.4,14.8,35.5,30.4,10546.0,10.4,5.0,36.0,64.0
537,Kansas State University,501,United States of America,22.9,41.7,17.5,39.3,43.1,21379.0,15.1,10.0,50.0,50.0
538,Keio University,501,Japan,25.0,22.7,17.5,28.5,41.4,33751.0,11.9,5.0,32.0,68.0
539,Kent State University,501,United States of America,18.4,32.4,14.2,53.8,28.5,23122.0,19.0,8.0,58.0,42.0
540,King Fahd University of Petroleum and Minerals,501,Saudi Arabia,25.4,84.5,16.1,24.4,81.2,6898.0,7.1,20.0,49.53804347826087,50.46195652173913
541,King Saud University,501,Saudi Arabia,20.0,75.5,17.5,22.3,57.4,40666.0,13.4,7.0,49.53804347826087,50.46195652173913
542,University of La Laguna,501,Spain,16.9,44.7,10.0,44.8,28.5,22422.0,14.9,5.0,58.0,42.0
543,Lappeenranta University of Technology,501,Finland,27.1,53.0,27.5,20.8,80.3,3486.0,23.9,19.0,31.0,69.0
544,University of Limerick,501,Republic of Ireland,19.8,76.5,16.3,36.6,34.0,12212.0,19.8,13.0,46.0,54.0
545,University of Lisbon,501,Portugal,25.9,46.6,18.3,32.4,35.4,47849.0,17.5,9.0,51.0,49.0
546,Liverpool John Moores University,501,United Kingdom,16.4,62.1,11.6,45.9,28.8,18513.0,19.8,13.0,52.0,48.0
547,Mahidol University,501,Thailand,26.8,44.1,15.1,28.3,71.6,27402.0,7.5,3.0,63.0,37.0
548,Manchester Metropolitan University,501,United Kingdom,22.7,57.8,10.6,30.8,28.3,28037.0,18.2,14.0,57.0,43.0
549,University of Maribor,501,Slovenia,17.1,33.6,11.5,42.1,38.7,14531.0,17.3,4.0,49.53804347826087,50.46195652173913
550,Masaryk University,501,Czech Republic,21.2,48.9,22.9,27.8,28.5,40898.0,26.6,17.0,62.0,38.0
551,Massey University,501,New Zealand,23.1,80.5,17.1,31.9,35.8,19101.0,16.8,15.0,62.0,38.0
552,Memorial University of Newfoundland,501,Canada,18.1,53.3,15.8,35.6,48.3,15464.0,14.6,10.0,59.0,41.0
553,Middle East Technical University,501,Turkey,29.9,26.7,17.3,28.8,60.0,25779.0,22.2,7.0,44.0,56.0
554,University of Minho,501,Portugal,23.9,43.6,20.1,35.3,51.6,19090.0,18.8,9.0,52.0,48.0
555,Missouri University of Science and Technology,501,United States of America,23.5,40.6,18.4,28.7,52.8,7647.0,15.5,12.0,23.0,77.0
556,Montana State University,501,United States of America,17.7,23.5,21.8,48.0,43.0,12331.0,17.8,4.0,46.0,54.0
557,Monterrey Institute of Technology and Higher Education,501,Mexico,23.9,59.6,12.7,23.4,75.8,14353.0,20.5,12.0,40.0,60.0
558,National Central University,501,Taiwan,26.3,27.1,23.2,17.5,75.3,10915.0,9.8,6.0,31.0,69.0
559,National Sun Yat-Sen University,501,Taiwan,26.1,19.7,33.0,25.8,44.3,9336.0,19.6,4.0,37.0,63.0
560,National Taiwan Normal University,501,Taiwan,26.2,38.1,31.3,16.2,81.9,11072.0,13.0,19.0,57.0,43.0
561,National Technical University of Athens,501,Greece,20.2,31.3,15.0,36.2,40.3,14780.0,26.9,7.0,36.0,64.0
562,New Jersey Institute of Technology,501,United States of America,18.9,48.5,16.6,32.2,32.2,10646.0,26.2,17.0,25.0,75.0
563,New Mexico State University,501,United States of America,19.5,30.5,19.2,47.2,34.6,15035.0,18.8,7.0,54.0,46.0
564,University of North Carolina at Greensboro,501,United States of America,18.2,17.4,15.3,43.1,28.9,16446.0,19.2,2.0,66.0,34.0
565,Oklahoma State University,501,United States of America,27.5,25.6,22.7,33.1,33.7,21270.0,21.4,7.0,49.0,51.0
566,Osaka City University,501,Japan,26.3,21.3,13.4,34.4,40.7,8604.0,10.1,4.0,36.0,64.0
567,Otto von Guericke University of Magdeburg,501,Germany,22.9,43.9,14.4,39.7,37.7,14104.0,13.1,13.0,42.0,58.0
568,University of Oviedo,501,Spain,19.5,36.2,10.8,41.9,34.1,24210.0,13.7,5.0,54.0,46.0
569,Palacký University in Olomouc,501,Czech Republic,19.2,48.8,11.8,42.9,28.7,18540.0,11.4,9.0,70.0,30.0
570,Panjab University,501,India,24.6,14.1,8.8,41.0,28.1,16691.0,23.9,1.0,46.0,54.0
571,Paris Dauphine University,501,France,21.9,69.3,11.1,27.6,30.6,9565.0,15.4,28.0,53.0,47.0
572,Pontifical Catholic University of Rio de Janeiro (PUC-Rio),501,Brazil,24.5,31.3,24.1,23.1,100.0,14300.0,21.2,3.0,49.0,51.0
573,Portland State University,501,United States of America,16.8,31.6,14.4,43.3,44.6,20398.0,22.2,8.0,54.0,46.0
574,University of Pretoria,501,South Africa,25.6,46.0,21.2,17.5,52.4,37314.0,20.0,8.0,57.0,43.0
575,Pusan National University,501,South Korea,27.5,32.9,24.7,20.4,66.8,24929.0,19.7,12.0,51.0,49.0
576,Quaid-i-azam University,501,Pakistan,17.9,35.4,9.9,45.6,46.86959370904325,12688.0,25.7,0.0,53.0,47.0
577,University of Regina,501,Canada,15.6,47.7,15.8,34.2,34.4,11550.0,22.8,12.0,61.0,39.0
578,Renmin University of China,501,China,34.7,40.1,13.7,30.7,42.5,24954.0,12.7,6.0,49.53804347826087,50.46195652173913
579,University of Rennes 1,501,France,17.8,53.0,10.3,44.7,31.7,22186.0,13.9,12.0,50.0,50.0
580,University of Salamanca,501,Spain,26.1,40.8,16.9,25.9,31.6,31035.0,17.9,12.0,58.0,42.0
581,University of Santiago de Compostela,501,Spain,22.9,37.1,14.1,46.9,32.3,29085.0,15.3,6.0,63.0,37.0
582,Semmelweis University,501,Hungary,19.6,81.7,10.6,41.5,30.7,12920.0,10.9,25.0,64.0,36.0
583,University of Seville,501,Spain,21.5,32.0,14.9,32.6,36.7,64931.0,17.5,7.0,55.0,45.0
584,Université de Sherbrooke,501,Canada,25.6,39.8,9.5,41.3,29.6,13438.0,5.4,5.0,54.0,46.0
585,Soochow University,501,China,19.2,16.0,13.7,45.8,75.3,36465.0,12.9,2.0,78.0,22.0
586,South China University of Technology,501,China,19.5,17.5,22.1,28.1,86.8,41438.0,17.7,3.0,33.0,67.0
587,Tallinn University of Technology,501,Estonia,16.3,37.9,15.0,38.7,44.8,14061.0,28.6,5.0,44.0,56.0
588,Tehran University of Medical Sciences,501,Iran,51.8,14.1,20.0,9.3,30.0,13912.0,9.0,1.0,62.0,38.0
589,University of Texas at Arlington,501,United States of America,20.1,50.3,10.1,50.9,33.4,29396.0,10.5,10.0,60.0,40.0
590,Tianjin University,501,China,36.5,14.7,34.4,12.2,100.0,29693.0,12.2,1.0,49.53804347826087,50.46195652173913
591,Tokyo University of Agriculture and Technology,501,Japan,34.9,19.4,24.1,16.9,39.9,5865.0,14.4,5.0,27.0,73.0
592,University of Toledo,501,United States of America,31.6,37.7,13.4,29.9,32.9,19465.0,17.5,9.0,50.0,50.0
593,Tongji University,501,China,28.9,37.2,29.2,13.1,63.5,37394.0,13.5,10.0,38.0,62.0
594,University of Tulsa,501,United States of America,29.7,43.8,12.9,24.6,71.7,4597.0,12.5,25.0,43.0,57.0
595,United Arab Emirates University,501,United Arab Emirates,18.8,95.0,14.8,21.7,30.1,9221.0,12.5,26.0,76.0,24.0
596,University of Warsaw,501,Poland,26.1,41.6,15.8,42.2,28.5,49292.0,14.1,7.0,67.0,33.0
597,University of Wisconsin-Milwaukee,501,United States of America,17.3,26.0,13.8,45.5,29.0,22542.0,18.4,5.0,52.0,48.0
598,Xi’an Jiaotong University,501,China,28.7,25.8,22.5,25.5,70.4,29863.0,12.3,4.0,34.0,66.0
599,University of Zaragoza,501,Spain,20.1,33.5,12.7,49.5,36.7,31046.0,11.8,5.0,55.0,45.0
600,University of A Coruña,601,Spain,18.3,23.4,10.0,16.6,38.2,17062.0,13.0,2.0,52.0,48.0
601,Adam Mickiewicz University,601,Poland,20.0,25.7,11.0,15.3,28.7,40633.0,15.6,1.0,71.0,29.0
602,AGH University of Science and Technology,601,Poland,14.2,17.9,3.7,35.7,46.86959370904325,35569.0,17.0,1.0,49.53804347826087,50.46195652173913
603,Ajou University,601,South Korea,19.5,20.0,11.9,23.9,45.7,12706.0,11.3,2.0,33.0,67.0
604,University of Alcalá,601,Spain,17.6,50.0,11.2,28.3,43.3,30812.0,25.1,18.0,53.0,47.0
605,Alexandria University,601,Egypt,20.3,33.7,8.2,14.1,29.7,127431.0,23.3,1.0,46.0,54.0
606,Alexandru Ioan Cuza University,601,Romania,24.9,46.9,13.6,7.0,28.2,25724.0,33.0,5.0,63.0,37.0
607,Aligarh Muslim University,601,India,28.3,18.7,10.0,20.9,29.6,11197.0,10.5,2.0,17.0,83.0
608,American University of Sharjah,601,United Arab Emirates,12.4,95.6,10.6,13.3,33.3,5226.0,14.1,82.0,48.0,52.0
609,Amrita University,601,India,20.4,29.6,5.8,20.7,28.0,17273.0,6.6,8.0,49.53804347826087,50.46195652173913
610,Anadolu University,601,Turkey,12.2,14.3,22.6,10.9,100.0,379231.0,162.6,1.0,78.0,22.0
611,Andhra University,601,India,34.8,7.2,6.9,1.2,31.3,10407.0,20.2,3.0,36.0,64.0
612,University of Antioquia,601,Colombia,18.1,42.0,21.1,14.8,43.6,38872.0,23.0,1.0,50.0,50.0
613,Aristotle University of Thessaloniki,601,Greece,22.6,36.6,15.0,29.5,33.6,46288.0,22.2,9.0,52.0,48.0
614,"Asia University, Taiwan",601,Taiwan,14.4,18.3,15.9,30.5,38.4,12119.0,26.3,3.0,53.0,47.0
615,Athens University of Economics and Business,601,Greece,13.4,39.2,18.8,31.2,66.5,13167.0,57.5,6.0,47.0,53.0
616,Auckland University of Technology,601,New Zealand,17.3,95.6,9.8,21.7,28.5,18981.0,18.1,38.0,58.0,42.0
617,Austral University of Chile,601,Chile,16.7,45.2,9.7,14.2,41.1,13794.0,17.8,1.0,47.0,53.0
618,Beijing Institute of Technology,601,China,25.9,16.9,21.7,9.1,87.6,24161.264817150062,19.11639344262295,12.70253164556962,49.53804347826087,50.46195652173913
619,Belarusian State University,601,Belarus,20.2,48.2,8.7,6.0,28.0,29303.0,10.6,6.0,69.0,31.0
620,University of Belgrade,601,Serbia,20.4,30.5,13.2,14.0,45.6,96968.0,28.3,5.0,60.0,40.0
621,"Birla Institute of Technology and Science, Pilani",601,India,18.3,13.7,8.3,17.4,29.6,11837.0,19.5,0.0,22.0,78.0
622,University of Bradford,601,United Kingdom,18.7,79.1,15.9,22.7,32.7,11065.0,20.5,32.0,53.0,47.0
623,University of Brasília,601,Brazil,21.9,24.1,7.4,10.4,46.86959370904325,45880.0,14.5,2.0,52.0,48.0
624,University of Brighton,601,United Kingdom,16.7,62.8,10.7,20.1,29.4,16924.0,19.5,19.0,58.0,42.0
625,University of Bucharest,601,Romania,34.3,21.3,11.5,9.9,29.5,31806.0,24.9,2.0,70.0,30.0
626,Budapest University of Technology and Economics,601,Hungary,17.1,30.4,13.7,21.6,39.7,22447.0,22.1,4.0,32.0,68.0
627,Cairo University,601,Egypt,18.9,31.0,11.1,11.9,30.3,231941.0,39.1,3.0,47.0,53.0
628,University of Calcutta,601,India,34.7,13.1,8.7,19.8,29.2,18511.0,32.5,0.0,49.53804347826087,50.46195652173913
629,"California State University, Long Beach",601,United States of America,11.6,18.9,10.4,23.3,46.86959370904325,29594.0,32.3,5.0,58.0,42.0
630,Capital Medical University,601,China,26.3,18.8,14.9,16.3,28.8,11506.0,7.1,3.0,70.0,30.0
631,University of Castilla-La Mancha,601,Spain,18.4,28.6,10.3,30.5,29.7,26381.0,14.3,3.0,56.0,44.0
632,University of Central Lancashire,601,United Kingdom,15.7,54.1,9.4,28.2,28.9,18542.0,17.5,17.0,57.0,43.0
633,University of Cergy-Pontoise,601,France,18.7,49.1,6.3,13.2,28.6,17000.0,9.2,11.0,53.0,47.0
634,Chang Gung University,601,Taiwan,19.3,15.7,24.7,27.6,31.9,7506.0,12.6,0.0,42.0,58.0
635,Carlos III University of Madrid,601,Spain,23.2,44.7,17.4,24.8,34.8,15730.0,11.4,9.0,43.0,57.0
636,"University of Chemistry and Technology, Prague",601,Czech Republic,21.6,46.3,12.0,17.4,38.9,4699.0,11.0,19.0,49.53804347826087,50.46195652173913
637,Chiang Mai University,601,Thailand,17.8,34.9,9.4,30.0,32.3,35617.0,16.5,1.0,19.0,81.0
638,Chiba University,601,Japan,26.9,21.0,16.8,24.8,55.3,14554.0,12.3,5.0,37.0,63.0
639,China University of Geosciences (Wuhan),601,China,21.1,16.1,21.4,21.5,64.5,29483.0,20.7,3.0,49.53804347826087,50.46195652173913
640,China University of Petroleum (Beijing),601,China,23.6,15.9,26.6,4.0,100.0,14579.0,19.4,6.0,49.53804347826087,50.46195652173913
641,Chonbuk National University,601,South Korea,19.7,27.2,14.7,24.5,33.3,23270.0,15.0,3.0,45.0,55.0
642,Chongqing University,601,China,19.5,15.5,15.5,8.7,73.8,43955.0,16.0,3.0,49.53804347826087,50.46195652173913
643,Chonnam National University,601,South Korea,17.5,20.4,11.7,29.1,31.4,35779.0,18.5,3.0,41.0,59.0
644,Chulalongkorn University,601,Thailand,23.8,32.8,14.1,16.7,37.8,38719.0,14.5,2.0,59.0,41.0
645,Chung Yuan Christian University,601,Taiwan,15.9,18.7,22.1,17.4,41.9,15020.0,30.2,3.0,41.0,59.0
646,Chungnam National University,601,South Korea,23.2,19.8,17.7,13.2,39.9,18361.0,17.2,3.0,49.53804347826087,50.46195652173913
647,Clemson University,601,United States of America,21.4,34.6,19.7,27.0,35.8,19198.0,17.1,8.0,46.0,54.0
648,Comenius University in Bratislava,601,Slovakia,23.0,46.9,10.3,19.6,28.0,20879.0,9.7,10.0,54.0,46.0
649,Coventry University,601,United Kingdom,17.1,69.6,7.7,18.4,29.1,21934.0,14.8,35.0,47.0,53.0
650,Dalian University of Technology,601,China,22.6,20.7,19.0,23.5,93.3,34326.0,15.2,2.0,33.0,67.0
651,University of Debrecen,601,Hungary,17.3,49.0,11.4,20.9,46.86959370904325,29714.0,20.3,13.0,57.0,43.0
652,University of Delhi,601,India,29.8,15.4,10.8,19.1,28.2,32567.0,22.9,1.0,50.0,50.0
653,University of Dhaka,601,Bangladesh,21.7,37.2,7.2,9.6,46.86959370904325,62716.0,6.9,5.0,34.0,66.0
654,Dublin Institute of Technology,601,Republic of Ireland,16.1,70.5,8.8,20.7,28.1,13839.0,18.9,25.0,41.0,59.0
655,Ehime University,601,Japan,19.2,20.9,11.3,17.5,37.8,8394.0,9.9,1.0,39.0,61.0
656,University of Electronic Science and Technology of China,601,China,20.5,13.4,12.9,8.8,28.0,21689.0,9.8,0.0,21.0,79.0
657,Eötvös Loránd University,601,Hungary,21.3,43.0,12.1,30.6,29.3,28698.0,22.4,4.0,49.53804347826087,50.46195652173913
658,Erciyes University,601,Turkey,15.5,17.2,10.9,18.0,30.3,28079.0,28.0,2.0,46.0,54.0
659,Federal University of Bahia,601,Brazil,18.2,19.7,8.1,14.3,46.86959370904325,39861.0,17.9,1.0,47.0,53.0
660,Federal University of Minas Gerais,601,Brazil,27.9,21.6,15.4,23.1,30.7,42612.0,13.5,1.0,55.0,45.0
661,Federal University of Paraná (UFPR),601,Brazil,24.6,15.5,9.6,7.0,46.86959370904325,21850.0,11.2,1.0,49.53804347826087,50.46195652173913
662,Federal University of Rio Grande do Sul,601,Brazil,32.6,18.9,13.7,16.8,46.86959370904325,38743.0,14.8,1.0,50.0,50.0
663,Federal University of Santa Catarina,601,Brazil,26.0,21.0,12.2,14.2,42.9,26078.0,12.6,1.0,48.0,52.0
664,Federal University of São Carlos,601,Brazil,29.0,16.8,10.8,11.5,46.86959370904325,18587.0,16.9,0.0,49.53804347826087,50.46195652173913
665,Federal University of Viçosa,601,Brazil,39.7,15.0,14.5,3.9,59.0,13163.0,11.4,3.0,70.0,30.0
666,Federal University of Lavras,601,Brazil,25.8,14.5,16.4,3.0,46.86959370904325,10350.0,20.9,2.0,53.0,47.0
667,Feng Chia University,601,Taiwan,14.6,21.1,13.7,34.4,33.9,20213.0,23.9,7.0,36.0,64.0
668,Florida Institute of Technology,601,United States of America,20.4,62.4,13.5,24.6,33.4,4408.0,13.7,26.0,34.0,66.0
669,Fu Jen Catholic University,601,Taiwan,14.4,19.1,9.8,18.2,47.0,25951.0,22.8,4.0,59.0,41.0
670,Gdańsk University of Technology,601,Poland,15.5,16.1,9.5,15.2,36.8,25217.0,23.3,1.0,39.0,61.0
671,University of Ghana,601,Ghana,15.6,48.4,15.6,19.5,46.86959370904325,37274.0,37.5,2.0,41.0,59.0
672,Gifu University,601,Japan,25.4,18.5,16.9,14.7,32.8,7318.0,12.4,4.0,35.0,65.0
673,Glasgow Caledonian University,601,United Kingdom,17.1,55.0,10.4,24.2,29.9,13527.0,21.6,16.0,60.0,40.0
674,University of Greenwich,601,United Kingdom,15.7,81.8,9.5,17.7,30.0,18096.0,24.6,32.0,53.0,47.0
675,Hacettepe University,601,Turkey,21.0,19.6,11.8,19.7,28.2,39606.0,20.4,4.0,56.0,44.0
676,University of Huddersfield,601,United Kingdom,17.4,55.2,5.4,16.5,28.0,15436.0,18.1,25.0,54.0,46.0
677,Hunan University,601,China,18.3,14.8,15.0,21.2,46.7,42756.0,24.7,2.0,43.0,57.0
678,University of Ibadan,601,Nigeria,22.7,26.1,11.1,4.6,29.2,26247.0,17.1,1.0,45.0,55.0
679,University of Indonesia,601,Indonesia,18.1,37.2,8.0,13.9,40.0,43565.0,15.8,0.0,51.0,49.0
680,Inha University,601,South Korea,20.7,23.5,20.0,22.5,64.7,20353.0,24.1,3.0,36.0,64.0
681,I-Shou University,601,Taiwan,12.8,24.8,11.5,13.3,41.0,16263.0,29.9,10.0,45.0,55.0
682,Istanbul University,601,Turkey,26.0,20.0,23.3,10.0,100.0,82096.0,41.1,6.0,44.0,56.0
683,Jagiellonian University,601,Poland,24.0,33.5,14.4,30.7,28.0,42835.0,11.5,5.0,67.0,33.0
684,Jilin University,601,China,28.2,20.3,14.4,14.6,42.1,65605.0,13.6,3.0,46.0,54.0
685,University of Jordan,601,Jordan,19.0,53.7,7.7,7.8,28.8,35577.0,13.6,13.0,67.0,33.0
686,Jordan University of Science and Technology,601,Jordan,16.4,62.2,6.2,16.4,31.4,24686.0,16.4,23.0,55.0,45.0
687,Juntendo University,601,Japan,32.3,16.7,10.5,24.0,51.1,3955.0,3.7,1.0,52.0,48.0
688,K.N. Toosi University of Technology,601,Iran,20.9,7.1,18.1,22.5,45.5,7146.0,24.6,0.0,32.0,68.0
689,Kaohsiung Medical University,601,Taiwan,20.6,19.9,22.2,20.5,33.2,7009.0,12.6,5.0,56.0,44.0
690,Khon Kaen University,601,Thailand,18.2,31.5,7.4,19.9,35.7,39669.0,16.9,1.0,62.0,38.0
691,King Mongkut’s University of Technology Thonburi,601,Thailand,18.2,28.5,11.4,36.2,70.3,17791.0,23.7,1.0,42.0,58.0
692,Kingston University,601,United Kingdom,16.9,76.8,12.1,26.7,28.5,20778.0,20.9,34.0,53.0,47.0
693,Kinki University,601,Japan,18.5,17.0,7.9,30.0,33.2,31216.0,11.6,2.0,49.53804347826087,50.46195652173913
694,Kobe University,601,Japan,27.8,21.1,15.4,24.3,45.1,15885.0,8.4,6.0,33.0,67.0
695,Konkuk University,601,South Korea,20.0,22.6,19.6,17.0,36.0,26483.0,23.5,6.0,47.0,53.0
696,Kumamoto University,601,Japan,23.4,22.2,11.6,28.1,43.1,10226.0,7.6,5.0,37.0,63.0
697,Kyungpook National University,601,South Korea,21.1,21.7,16.0,18.1,34.9,27152.0,14.4,4.0,42.0,58.0
698,Kyushu Institute of Technology,601,Japan,19.4,20.7,12.5,14.2,44.1,5890.0,12.1,4.0,11.0,89.0
699,University of Latvia,601,Latvia,22.6,31.5,10.2,20.9,28.3,15100.0,26.5,3.0,68.0,32.0
700,Lille 1 University – Science and Technology,601,France,20.0,60.3,8.6,32.4,31.8,19599.0,14.5,18.0,41.0,59.0
701,University of Lincoln,601,United Kingdom,17.9,60.5,11.9,26.4,29.3,10665.0,18.9,11.0,54.0,46.0
702,University of Ljubljana,601,Slovenia,24.9,34.5,13.6,24.0,32.3,48821.0,17.6,4.0,60.0,40.0
703,University of Marrakech Cadi Ayyad,601,Morocco,17.4,42.7,6.3,12.1,29.2,56060.0,38.7,1.0,46.0,54.0
704,Miami University,601,United States of America,19.2,24.8,15.7,36.1,30.2,16370.0,20.5,7.0,53.0,47.0
705,Middlesex University,601,United Kingdom,18.5,81.0,10.6,25.7,46.86959370904325,17753.0,24.7,44.0,59.0,41.0
706,Moscow Institute of Physics and Technology,601,Russian Federation,34.3,44.4,16.3,15.5,28.0,5395.0,7.0,12.0,49.53804347826087,50.46195652173913
707,University of Murcia,601,Spain,19.3,28.3,11.7,28.0,29.5,31460.0,15.8,6.0,62.0,38.0
708,Nagasaki University,601,Japan,22.8,21.9,10.8,14.3,46.86959370904325,9137.0,7.2,4.0,36.0,64.0
709,University of Nairobi,601,Kenya,13.7,45.5,9.0,19.5,28.0,72676.0,47.0,1.0,40.0,60.0
710,National Chengchi University,601,Taiwan,18.4,33.1,12.5,14.0,31.3,16867.0,18.4,10.0,57.0,43.0
711,National Chung Cheng University,601,Taiwan,21.3,14.2,20.3,15.7,40.8,11989.0,22.9,1.0,49.53804347826087,50.46195652173913
712,National Chung Hsing University,601,Taiwan,20.2,16.9,16.8,24.5,42.5,15632.0,20.3,4.0,39.0,61.0
713,National Taipei University of Technology,601,Taiwan,17.8,16.0,14.6,16.4,81.3,10227.0,16.5,3.0,25.0,75.0
714,National Taiwan Ocean University,601,Taiwan,18.1,20.3,21.0,18.2,49.3,8240.0,20.9,5.0,30.0,70.0
715,National University of Córdoba,601,Argentina,16.0,28.1,9.0,12.5,28.6,108373.0,38.1,2.0,62.0,38.0
716,National University of Science and Technology (MISiS),601,Russian Federation,24.8,33.7,17.5,10.8,67.2,4441.0,6.7,13.0,43.0,57.0
717,National University of Sciences and Technology,601,Pakistan,21.4,31.3,7.0,35.0,31.3,9808.0,7.8,3.0,27.0,73.0
718,Niigata University,601,Japan,21.9,19.3,10.1,17.5,33.0,12460.0,8.5,3.0,37.0,63.0
719,Northumbria University,601,United Kingdom,17.7,55.1,10.9,29.2,29.1,22750.0,19.3,16.0,55.0,45.0
720,Northwestern Polytechnical University,601,China,23.4,15.2,15.4,3.5,28.0,23056.0,14.1,3.0,25.0,75.0
721,Nottingham Trent University,601,United Kingdom,16.5,52.7,8.9,27.3,28.4,21852.0,17.4,18.0,55.0,45.0
722,Oakland University,601,United States of America,18.1,23.3,11.9,21.9,30.3,14584.0,19.8,2.0,60.0,40.0
723,Ocean University of China,601,China,18.9,15.6,10.7,12.9,50.1,36205.0,20.6,1.0,40.0,60.0
724,Ohio University,601,United States of America,25.0,33.6,14.9,24.6,30.1,22224.0,20.0,10.0,50.0,50.0
725,Okayama University,601,Japan,24.3,20.6,14.9,25.3,48.0,13035.0,8.6,3.0,38.0,62.0
726,Osaka Prefecture University,601,Japan,21.6,17.6,10.2,17.5,41.5,8051.0,7.5,3.0,36.0,64.0
727,University of Pardubice,601,Czech Republic,15.9,23.4,11.9,11.1,28.3,10671.0,19.8,4.0,55.0,45.0
728,University of Paris North – Paris 13,601,France,17.5,46.4,11.6,36.2,28.0,23026.0,23.4,22.0,60.0,40.0
729,Paris-Sorbonne University – Paris 4,601,France,31.1,44.2,21.3,7.1,28.5,21580.0,27.4,21.0,69.0,31.0
730,University of Patras,601,Greece,18.5,30.6,12.1,28.8,48.3,29251.0,40.9,4.0,46.0,54.0
731,University of Pécs,601,Hungary,19.7,50.8,9.0,23.4,28.4,21819.0,15.4,10.0,49.53804347826087,50.46195652173913
732,Polytechnic University of Valencia,601,Spain,20.3,32.9,12.7,34.3,43.8,33172.0,13.6,7.0,36.0,64.0
733,Pontifical Catholic University of Paraná,601,Brazil,18.4,18.6,6.5,32.2,28.0,7741.0,10.9,2.0,1.0,99.0
734,Pontifical Catholic University of Rio Grande do Sul (PUCRS),601,Brazil,21.1,18.7,10.9,27.6,52.3,14797.0,10.1,0.0,50.0,50.0
735,Pontifical Catholic University of Valparaíso,601,Chile,18.4,35.7,8.0,10.4,44.3,13493.0,10.4,0.0,45.0,55.0
736,Prince of Songkla University,601,Thailand,15.3,31.0,7.0,22.2,31.6,38274.0,16.1,1.0,69.0,31.0
737,Qatar University,601,Qatar,9.9,99.9,10.3,22.3,55.2,9583.0,19.0,42.0,74.0,26.0
738,Rio de Janeiro State University (UERJ),601,Brazil,21.7,16.8,9.1,12.3,30.8,28757.0,10.1,0.0,46.0,54.0
739,Rochester Institute of Technology,601,United States of America,17.4,29.8,13.4,25.1,30.4,12965.0,13.5,13.0,34.0,66.0
740,Saitama University,601,Japan,18.6,20.6,9.6,23.4,29.6,7469.0,11.7,2.0,33.0,67.0
741,University of Salford,601,United Kingdom,20.8,66.4,12.1,21.2,28.8,16152.0,17.0,25.0,51.0,49.0
742,"University of Santiago, Chile (USACH)",601,Chile,17.6,40.4,11.3,10.2,31.0,22739.0,23.6,1.0,39.0,61.0
743,São Paulo State University (UNESP),601,Brazil,28.0,18.7,22.6,6.7,40.1,50594.0,13.0,5.0,52.0,48.0
744,Savitribai Phule Pune University,601,India,38.3,17.3,12.4,11.4,29.3,4858.0,14.6,3.0,25.0,75.0
745,University of Science and Technology Beijing,601,China,25.1,15.6,22.4,6.9,89.7,22780.0,15.1,4.0,36.0,64.0
746,Sejong University,601,South Korea,18.9,25.2,12.2,38.7,35.4,11704.0,15.5,3.0,43.0,57.0
747,University of Seoul,601,South Korea,22.8,18.7,17.5,21.4,28.9,10243.0,19.0,3.0,36.0,64.0
748,Shahid Beheshti University,601,Iran,20.5,13.8,19.0,11.4,58.9,17800.0,24.9,1.0,52.0,48.0
749,Shanghai University,601,China,19.1,15.8,16.1,14.8,45.7,46044.0,17.5,3.0,48.0,52.0
750,Shantou University,601,China,17.6,30.7,9.1,28.3,30.7,9593.0,13.5,0.0,48.0,52.0
751,Sheffield Hallam University,601,United Kingdom,17.3,47.0,9.4,20.1,28.6,27477.0,18.8,15.0,53.0,47.0
752,Shinshu University,601,Japan,20.8,20.3,8.3,22.0,31.6,11232.0,9.6,3.0,49.53804347826087,50.46195652173913
753,Showa University,601,Japan,28.5,14.0,7.9,7.0,46.86959370904325,3675.0,2.5,0.0,57.0,43.0
754,Sichuan University,601,China,25.0,15.7,18.4,16.1,90.8,65035.0,14.5,2.0,48.0,52.0
755,University of Silesia in Katowice,601,Poland,17.7,18.5,8.0,20.4,28.1,32764.0,17.3,1.0,65.0,35.0
756,Slovak University of Technology in Bratislava,601,Slovakia,23.3,30.6,8.6,24.9,33.2,16400.0,15.3,2.0,31.0,69.0
757,Sogang University,601,South Korea,21.5,27.7,24.8,20.5,46.8,10625.0,24.1,7.0,43.0,57.0
758,Sophia University,601,Japan,22.0,32.8,9.4,5.3,29.5,12799.0,24.3,8.0,53.0,47.0
759,University of South Africa,601,South Africa,18.4,28.7,11.3,9.4,28.8,197102.0,108.5,9.0,65.0,35.0
760,Southern Federal University,601,Russian Federation,21.9,17.3,8.2,9.2,39.5,27556.0,9.0,3.0,56.0,44.0
761,University of Southern Mississippi,601,United States of America,21.0,20.8,11.8,20.1,39.9,14569.0,18.5,3.0,63.0,37.0
762,University of Southern Queensland,601,Australia,18.4,63.0,13.1,14.4,28.8,13761.0,29.2,21.0,55.0,45.0
763,Suez Canal University,601,Egypt,22.6,31.6,5.9,16.0,46.86959370904325,16817.0,6.0,12.70253164556962,65.0,35.0
764,Sultan Qaboos University,601,Oman,21.3,71.5,10.6,16.0,37.6,7089.0,9.0,3.0,50.0,50.0
765,Suranaree University of Technology,601,Thailand,21.1,25.9,11.6,18.4,38.1,12650.0,32.9,1.0,50.0,50.0
766,University of Szeged,601,Hungary,20.0,46.9,10.5,20.5,33.2,22684.0,13.8,9.0,58.0,42.0
767,Taipei Medical University,601,Taiwan,25.7,26.5,21.7,19.0,42.2,6001.0,11.1,6.0,58.0,42.0
768,Taras Shevchenko National University of Kyiv,601,Ukraine,27.9,28.2,11.0,4.2,28.0,22686.0,8.2,2.0,45.0,55.0
769,Technical University of Madrid,601,Spain,21.8,39.5,14.6,24.5,38.3,41500.0,13.8,11.0,32.0,68.0
770,University of Tehran,601,Iran,26.1,16.5,16.9,15.8,46.86959370904325,53802.0,27.0,1.0,45.0,55.0
771,University of Texas at El Paso,601,United States of America,18.6,30.4,18.7,18.4,46.86959370904325,19123.0,29.0,7.0,54.0,46.0
772,Texas Tech University,601,United States of America,27.9,36.8,17.2,22.0,46.86959370904325,29512.0,20.9,7.0,46.0,54.0
773,Tokai University,601,Japan,17.9,19.3,7.6,15.3,34.4,29700.0,12.7,1.0,27.0,73.0
774,Tokushima University,601,Japan,25.3,16.8,21.6,12.8,59.6,7519.0,8.9,3.0,34.0,66.0
775,Tokyo University of Marine Science and Technology,601,Japan,27.9,24.5,12.4,7.7,57.9,2597.0,11.1,7.0,34.0,66.0
776,Tokyo University of Science,601,Japan,23.0,15.4,24.1,21.4,37.6,20243.0,25.7,2.0,20.0,80.0
777,Tomsk State University,601,Russian Federation,34.8,36.9,20.8,7.6,44.0,10413.0,9.9,12.0,60.0,40.0
778,Tottori University,601,Japan,24.3,16.7,10.1,9.6,34.5,6248.0,8.2,2.0,34.0,66.0
779,Toyohashi University of Technology,601,Japan,22.0,25.4,18.9,15.8,50.3,2153.0,9.3,9.0,9.0,91.0
780,Universiti Kebangsaan Malaysia,601,Malaysia,24.3,29.7,15.9,10.9,28.4,24227.0,11.8,12.0,62.0,38.0
781,Universiti Putra Malaysia,601,Malaysia,25.3,50.1,20.9,10.2,34.2,23883.0,12.2,16.0,63.0,37.0
782,Universiti Sains Malaysia,601,Malaysia,26.9,44.2,16.6,12.4,34.4,28179.0,14.8,10.0,61.0,39.0
783,Universiti Teknologi MARA,601,Malaysia,15.2,14.8,7.7,18.2,28.3,69268.0,16.8,0.0,65.0,35.0
784,Ural Federal University,601,Russian Federation,24.8,17.3,10.6,16.8,35.6,28427.0,10.1,3.0,48.0,52.0
785,V.N. Karazin Kharkiv National University,601,Ukraine,21.7,48.4,8.9,1.7,28.8,14410.0,9.7,22.0,53.0,47.0
786,University of Vigo,601,Spain,18.4,30.7,10.5,31.8,38.1,22793.0,19.0,3.0,51.0,49.0
787,Vilnius University,601,Lithuania,18.3,40.8,13.6,26.1,41.0,19019.0,14.2,4.0,65.0,35.0
788,Warsaw University of Technology,601,Poland,19.4,20.7,8.5,40.3,47.4,34572.0,14.5,3.0,34.0,66.0
789,Waseda University,601,Japan,23.6,29.7,14.6,29.4,32.4,52316.0,16.9,8.0,35.0,65.0
790,University of West Bohemia,601,Czech Republic,16.3,23.1,9.7,29.8,32.1,15639.0,21.5,2.0,52.0,48.0
791,University of the West of England,601,United Kingdom,16.9,48.5,11.2,34.6,28.5,22525.0,21.4,15.0,53.0,47.0
792,West University of Timişoara,601,Romania,16.1,21.0,3.9,22.4,46.86959370904325,12933.0,19.0,3.0,62.0,38.0
793,University of Westminster,601,United Kingdom,17.3,81.9,11.7,21.1,28.5,16609.0,21.0,43.0,57.0,43.0
794,Xidian University,601,China,17.9,12.8,12.1,8.9,83.7,31618.0,16.4,2.0,29.0,71.0
795,Yeungnam University,601,South Korea,18.6,24.3,10.9,26.5,35.4,21958.0,15.3,3.0,48.0,52.0
796,Yıldız Technical University,601,Turkey,14.5,14.9,7.6,19.3,44.0,31268.0,28.7,2.0,36.0,64.0
797,Yokohama City University,601,Japan,24.0,16.1,10.2,36.4,37.9,4122.0,3.7,3.0,49.53804347826087,50.46195652173913
798,Yokohama National University,601,Japan,20.1,23.3,16.0,13.5,40.4,10117.0,12.1,8.0,28.0,72.0
799,Yuan Ze University,601,Taiwan,16.2,17.7,18.3,28.6,39.8,8663.0,20.6,4.0,43.0,57.0
